Column1,Column2,Column3
0,0.00689596,
0.011488403,0.006958918,
0.022976806,0.006959651,
0.034465209,0.006960566,
0.045953612,0.006961947,
0.057442015,0.006963329,
0.068930419,0.006964434,
0.080418822,0.006965321,
0.091907225,0.006966208,
0.103395628,0.006967095,
0.114884031,0.006967982,
0.126372434,0.006970537,
0.137860837,0.006985384,
0.14934924,0.007000232,
0.160837643,0.00701508,
0.172326046,0.007029928,
0.183814449,0.007044776,
0.195302852,0.007059623,
0.206791256,0.007074471,
0.218279659,0.007089319,
0.229768062,0.007104167,
0.241256465,0.007119015,
0.252744868,0.007137804,
0.264233271,0.007169144,
0.275721674,0.007200485,
0.287210077,0.007231826,
0.29869848,0.007263166,
0.310186883,0.007294507,
0.321675286,0.007325848,
0.33316369,0.007357188,
0.344652093,0.007388529,
0.356140496,0.00741987,
0.367628899,0.00745121,
0.379117302,0.007482551,
0.390605705,0.007516125,
0.402094108,0.007554241,
0.413582511,0.007592356,
0.425070914,0.007630472,
0.436559317,0.007668588,
0.44804772,0.007706704,
0.459536124,0.00774482,
0.471024527,0.007782936,
0.48251293,0.007821052,
0.494001333,0.007859168,
0.505489736,0.007897284,
0.516978139,0.0079354,
0.528466542,0.007973516,
0.539954945,0.008011632,
0.551443348,0.008049748,
0.562931751,0.008087864,
0.574420154,0.00812598,
0.585908557,0.008164719,
0.597396961,0.008205213,
0.608885364,0.008245708,
0.620373767,0.008286202,
0.63186217,0.008326697,
0.643350573,0.008367191,
0.654838976,0.008407686,
0.666327379,0.00844818,
0.677815782,0.008488675,
0.689304185,0.008529169,
0.700792588,0.008569663,
0.712280991,0.008610158,
0.723769395,0.008650652,
0.735257798,0.008691147,
0.746746201,0.008731641,
0.758234604,0.008772136,
0.769723007,0.00881263,
0.78121141,0.008852621,
0.792699813,0.008890585,
0.804188216,0.00892855,
0.815676619,0.008966515,
0.827165022,0.009004479,
0.838653425,0.009042444,
0.850141829,0.009080409,
0.861630232,0.009118373,
0.873118635,0.009156338,
0.884607038,0.009194302,
0.896095441,0.009232267,
0.907583844,0.009270232,
0.919072247,0.009308196,
0.93056065,0.009346161,
0.942049053,0.009384126,
0.953537456,0.00942209,
0.965025859,0.009460055,
0.976514262,0.009499387,
0.988002666,0.009540485,
0.999491069,0.009581583,
1.01097947,0.00962268,
1.02246787,0.009663778,
1.03395628,0.009704876,
1.04544468,0.009745974,
1.05693308,0.009787072,
1.06842149,0.009828169,
1.07990989,0.009869267,
1.09139829,0.009910365,
1.1028867,0.009951463,
1.1143751,0.009992561,
1.1258635,0.010033659,
1.13735191,0.010074756,
1.14884031,0.010115854,
1.16032871,0.010156952,
1.17181711,0.010199246,
1.18330552,0.010243714,
1.19479392,0.010288183,
1.20628232,0.010332651,
1.21777073,0.010377119,
1.22925913,0.010421587,
1.24074753,0.010466056,
1.25223594,0.010510524,
1.26372434,0.010554992,
1.27521274,0.01059946,
1.28670115,0.010643928,
1.29818955,0.010688397,
1.30967795,0.010732865,
1.32116636,0.010777333,
1.33265476,0.010821801,
1.34414316,0.010866269,
1.35563156,0.010910738,
1.36711997,0.010957737,
1.37860837,0.011006348,
1.39009677,0.011054959,
1.40158518,0.01110357,
1.41307358,0.011152182,
1.42456198,0.011200793,
1.43605039,0.011249404,
1.44753879,0.011298015,
1.45902719,0.011346626,
1.4705156,0.011395237,
1.482004,0.011443848,
1.4934924,0.011492459,
1.5049808,0.01154107,
1.51646921,0.011589681,
1.52795761,0.011638292,
1.53944601,0.011686903,
1.55093442,0.011735514,
1.56242282,0.011787464,
1.57391122,0.011843239,
1.58539963,0.011899014,
1.59688803,0.011954789,
1.60837643,0.012010564,
1.61986484,0.012066339,
1.63135324,0.012122113,
1.64284164,0.012177888,
1.65433004,0.012233663,
1.66581845,0.012289438,
1.67730685,0.012345213,
1.68879525,0.012400988,
1.70028366,0.012456763,
1.71177206,0.012512538,
1.72326046,0.012568312,
1.73474887,0.012624087,
1.74623727,0.012679862,
1.75772567,0.012736167,
1.76921408,0.012792618,
1.78070248,0.012849068,
1.79219088,0.012905519,
1.80367928,0.012961969,
1.81516769,0.01301842,
1.82665609,0.01307487,
1.83814449,0.013131321,
1.8496329,0.013187771,
1.8611213,0.013244222,
1.8726097,0.013300673,
1.88409811,0.013357123,
1.89558651,0.013413574,
1.90707491,0.013470024,
1.91856332,0.013526475,
1.93005172,0.013582925,
1.94154012,0.013639376,
1.95302852,0.013694994,
1.96451693,0.013753947,
1.97600533,0.0138129,
1.98749373,0.013871853,
1.99898214,0.013930806,
2.01047054,0.013989759,
2.02195894,0.014048712,
2.03344735,0.014107665,
2.04493575,0.014166618,
2.05642415,0.014225571,
2.06791256,0.014284524,
2.07940096,0.014343477,
2.09088936,0.01440243,
2.10237777,0.014461383,
2.11386617,0.014520336,
2.12535457,0.014579289,
2.13684297,0.014638242,
2.14833138,0.01470336,
2.15981978,0.014768733,
2.17130818,0.014834106,
2.18279659,0.01489948,
2.19428499,0.014964853,
2.20577339,0.015030227,
2.2172618,0.0150956,
2.2287502,0.015160973,
2.2402386,0.015226347,
2.25172701,0.01529172,
2.26321541,0.015357094,
2.27470381,0.015422467,
2.28619221,0.01548784,
2.29768062,0.015553214,
2.30916902,0.015618587,
2.32065742,0.015683961,
2.33214583,0.015744958,
2.34363423,0.015819071,
2.35512263,0.015893184,
2.36661104,0.015967297,
2.37809944,0.01604141,
2.38958784,0.016115523,
2.40107625,0.016189636,
2.41256465,0.016263749,
2.42405305,0.016337862,
2.43554145,0.016411975,
2.44702986,0.016486088,
2.45851826,0.016560201,
2.47000666,0.016634314,
2.48149507,0.016708427,
2.49298347,0.01678254,
2.50447187,0.016856653,
2.51596028,0.016930766,
2.52744868,0.017005867,
2.53893708,0.017087302,
2.55042549,0.017168737,
2.56191389,0.017250172,
2.57340229,0.017331607,
2.58489069,0.017413042,
2.5963791,0.017494477,
2.6078675,0.017575912,
2.6193559,0.017657348,
2.63084431,0.017738783,
2.64233271,0.017820218,
2.65382111,0.017901653,
2.66530952,0.017983088,
2.67679792,0.018064523,
2.68828632,0.018145958,
2.69977473,0.018227393,
2.71126313,0.018308828,
2.72275153,0.018385229,
2.73423993,0.018477223,
2.74572834,0.018569217,
2.75721674,0.01866121,
2.76870514,0.018753204,
2.78019355,0.018845198,
2.79168195,0.018937192,
2.80317035,0.019029185,
2.81465876,0.019121179,
2.82614716,0.019213173,
2.83763556,0.019305167,
2.84912397,0.019397161,
2.86061237,0.019489154,
2.87210077,0.019581148,
2.88358918,0.019673142,
2.89507758,0.019765136,
2.90656598,0.019857129,
2.91805438,0.019951871,
2.92954279,0.020052751,
2.94103119,0.020153631,
2.95251959,0.020254511,
2.964008,0.02035539,
2.9754964,0.02045627,
2.9869848,0.02055715,
2.99847321,0.02065803,
3.00996161,0.02075891,
3.02145001,0.020859789,
3.03293842,0.020960669,
3.04442682,0.021061549,
3.05591522,0.021162429,
3.06740362,0.021263309,
3.07889203,0.021364188,
3.09038043,0.021465068,
3.10186883,0.021565948,
3.11335724,0.02165966,
3.12484564,0.021771477,
3.13633404,0.021883294,
3.14782245,0.021995111,
3.15931085,0.022106928,
3.17079925,0.022218745,
3.18228766,0.022330562,
3.19377606,0.022442379,
3.20526446,0.022554196,
3.21675286,0.022666013,
3.22824127,0.02277783,
3.23972967,0.022889648,
3.25121807,0.023001465,
3.26270648,0.023113282,
3.27419488,0.023225099,
3.28568328,0.023336916,
3.29717169,0.023448733,
3.30866009,0.023574074,
3.32014849,0.02371383,
3.3316369,0.023853587,
3.3431253,0.023993343,
3.3546137,0.024133099,
3.3661021,0.024272855,
3.37759051,0.024412611,
3.38907891,0.024552367,
3.40056731,0.024692124,
3.41205572,0.02483188,
3.42354412,0.024971636,
3.43503252,0.025111392,
3.44652093,0.025251148,
3.45800933,0.025390905,
3.46949773,0.025530661,
3.48098614,0.025670417,
3.49247454,0.025810173,
3.50396294,0.025940498,
3.51545134,0.026093906,
3.52693975,0.026247313,
3.53842815,0.026400721,
3.54991655,0.026554128,
3.56140496,0.026707536,
3.57289336,0.026860943,
3.58438176,0.027014351,
3.59587017,0.027167759,
3.60735857,0.027321166,
3.61884697,0.027474574,
3.63033538,0.027627981,
3.64182378,0.027781389,
3.65331218,0.027934796,
3.66480059,0.028088204,
3.67628899,0.028241611,
3.68777739,0.028395019,
3.69926579,0.028557415,
3.7107542,0.028724475,
3.7222426,0.028891536,
3.733731,0.029058596,
3.74521941,0.029225656,
3.75670781,0.029392717,
3.76819621,0.029559777,
3.77968462,0.029726837,
3.79117302,0.029893898,
3.80266142,0.030060958,
3.81414983,0.030228018,
3.82563823,0.030395079,
3.83712663,0.030562139,
3.84861503,0.030729199,
3.86010344,0.03089626,
3.87159184,0.03106332,
3.88308024,0.03123038,
3.89456865,0.031412192,
3.90605705,0.031626557,
3.91754545,0.031840923,
3.92903386,0.032055288,
3.94052226,0.032269654,
3.95201066,0.032484019,
3.96349907,0.032698385,
3.97498747,0.03291275,
3.98647587,0.033127115,
3.99796427,0.033341481,
4.00945268,0.033555846,
4.02094108,0.033770212,
4.03242948,0.033984577,
4.04391789,0.034198943,
4.05540629,0.034413308,
4.06689469,0.034627674,
4.0783831,0.034842039,
4.0898715,0.035099851,
4.1013599,0.035366363,
4.11284831,0.035632875,
4.12433671,0.035899387,
4.13582511,0.0361659,
4.14731351,0.036432412,
4.15880192,0.036698924,
4.17029032,0.036965437,
4.18177872,0.037231949,
4.19326713,0.037498461,
4.20475553,0.037764974,
4.21624393,0.038031486,
4.22773234,0.038297998,
4.23922074,0.03856451,
4.25070914,0.038831023,
4.26219755,0.039097535,
4.27368595,0.039364047,
4.28517435,0.039630353,
4.29666275,0.039917487,
4.30815116,0.040204621,
4.31963956,0.040491756,
4.33112796,0.04077889,
4.34261637,0.041066024,
4.35410477,0.041353159,
4.36559317,0.041640293,
4.37708158,0.041927427,
4.38856998,0.042214562,
4.40005838,0.042501696,
4.41154679,0.04278883,
4.42303519,0.043075965,
4.43452359,0.043363099,
4.446012,0.043650233,
4.4575004,0.043937368,
4.4689888,0.044225497,
4.4804772,0.044641063,
4.49196561,0.04505663,
4.50345401,0.045472196,
4.51494241,0.045887763,
4.52643082,0.046303329,
4.53791922,0.046718896,
4.54940762,0.047134462,
4.56089603,0.047550028,
4.57238443,0.047965595,
4.58387283,0.048381161,
4.59536124,0.048796728,
4.60684964,0.049212294,
4.61833804,0.049627861,
4.62982644,0.050043427,
4.64131485,0.050458994,
4.65280325,0.05087456,
4.66429165,0.05130553,
4.67578006,0.051910918,
4.68726846,0.052516307,
4.69875686,0.053121695,
4.71024527,0.053727084,
4.72173367,0.054332473,
4.73322207,0.054937861,
4.74471048,0.05554325,
4.75619888,0.056148638,
4.76768728,0.056754027,
4.77917568,0.057359415,
4.79066409,0.057964804,
4.80215249,0.058570192,
4.81364089,0.059175581,
4.8251293,0.059780969,
4.8366177,0.060386358,
4.8481061,0.060991746,
4.85959451,0.061639744,
4.87108291,0.062478892,
4.88257131,0.06331804,
4.89405972,0.064157189,
4.90554812,0.064996337,
4.91703652,0.065835485,
4.92852492,0.066674634,
4.94001333,0.067513782,
4.95150173,0.06835293,
4.96299013,0.06924997,
4.97447854,0.070168884,
4.98596694,0.071087799,
4.99745534,0.072006713,
5.00894375,0.072925627,
5.02043215,0.073844542,
5.03192055,0.074763456,
5.04340896,0.075682371,
5.05489736,0.076824959,
5.06638576,0.078042045,
5.07787416,0.079259131,
5.08936257,0.080476217,
5.10085097,0.081693303,
5.11233937,0.082910389,
5.12382778,0.084127475,
5.13531618,0.085344561,
5.14680458,0.086561647,
5.15829299,0.087778733,
5.16978139,0.088995819,
5.18126979,0.090212905,
5.1927582,0.091657143,
5.2042466,0.093981003,
5.215735,0.096304862,
5.2272234,0.098628722,
5.23871181,0.100952582,
5.25020021,0.103276441,
5.26168861,0.106125843,
5.27317702,0.109136848,
5.28466542,0.112147853,
5.29615382,0.115158859,
5.30764223,0.118169864,
5.31913063,0.121639975,
5.33061903,0.126065097,
5.34210744,0.130490218,
5.35359584,0.13491534,
5.36508424,0.139340461,
5.37657265,0.143765583,
5.38806105,0.149974226,
5.39954945,0.156415807,
5.41103785,0.164192905,
5.42252626,0.178764358,
5.43401466,0.190517473,
5.44550306,0.141990887,
5.45699147,0.118102457,
5.46847987,0.108917399,
5.47996827,0.095420361,
5.49145668,0.086005515,
5.50294508,0.083556619,
5.51443348,0.081107723,
5.52592189,0.078658827,
5.53741029,0.074822224,
5.54889869,0.073180444,
5.56038709,0.071655944,
5.5718755,0.070131445,
5.5833639,0.068606945,
5.5948523,0.066916541,
5.60634071,0.065187547,
5.61782911,0.063458553,
5.62931751,0.061729559,
5.64080592,0.060009854,
5.65229432,0.058699536,
5.66378272,0.057360315,
5.67527113,0.0559108,
5.68675953,0.054461285,
5.69824793,0.05301177,
5.70973633,0.051562256,
5.72122474,0.050112741,
5.73271314,0.048663226,
5.74420154,0.047213712,
5.75568995,0.045766907,
5.76717835,0.044321913,
5.77866675,0.042876919,
5.79015516,0.041431926,
5.80164356,0.039986932,
5.81313196,0.038541938,
5.82462037,0.037096945,
5.83610877,0.035576799,
5.84759717,0.034045154,
5.85908557,0.032113816,
5.87057398,0.029783938,
5.88206238,0.027454059,
5.89355078,0.025124181,
5.90503919,0.022794302,
5.91652759,0.020483533,
5.92801599,0.018355478,
5.9395044,0.016227424,
5.9509928,0.014099369,
5.9624812,0.011971315,
5.97396961,0.009835641,
5.98545801,0.007650317,
5.99694641,0.004785296,
6.00843481,0.001542939,
6.01992322,-0.001969759,
6.03141162,-0.005482457,
6.04290002,-0.008995155,
6.05438843,-0.012507852,
6.06587683,-0.01602055,
6.07736523,-0.019533248,
6.08885364,-0.023045946,
6.10034204,-0.026558643,
6.11183044,-0.030071341,
6.12331885,-0.033584039,
6.13480725,-0.037472281,
6.14629565,-0.042108258,
6.15778406,-0.047976722,
6.16927246,-0.053845186,
6.18076086,-0.059713649,
6.19224926,-0.065582113,
6.20373767,-0.071450577,
6.21522607,-0.07731904,
6.22671447,-0.083187504,
6.23820288,-0.089182558,
6.24969128,-0.101157054,
6.26117968,-0.11313155,
6.27266809,-0.125197196,
6.28415649,-0.139155928,
6.29564489,-0.166393706,
6.3071333,-0.20636659,
6.3186217,-0.230218181,
6.3301101,-0.263488708,
6.3415985,-0.460897319,
6.35308691,-0.405939611,
6.36457531,-0.342458598,
6.37606371,-0.294570334,
6.38755212,-0.276366862,
6.39904052,-0.25816339,
6.41052892,-0.245416821,
6.42201733,-0.235430373,
6.43350573,-0.225443925,
6.44499413,-0.215457476,
6.45648254,-0.205471028,
6.46797094,-0.196669877,
6.47945934,-0.191977564,
6.49094774,-0.187285251,
6.50243615,-0.182592939,
6.51392455,-0.177900626,
6.52541295,-0.173208313,
6.53690136,-0.17091023,
6.54838976,-0.169273237,
6.55987816,-0.167636244,
6.57136657,-0.165999252,
6.58285497,-0.164362259,
6.59434337,-0.163307115,
6.60583178,-0.163364973,
6.61732018,-0.163422832,
6.62880858,-0.16348069,
6.64029698,-0.163538548,
6.65178539,-0.163596406,
6.66327379,-0.163654264,
6.67476219,-0.163712122,
6.6862506,-0.16376998,
6.697739,-0.163827838,
6.7092274,-0.163885697,
6.72071581,-0.163943555,
6.73220421,-0.159744786,
6.74369261,-0.160510838,
6.75518102,-0.16127689,
6.76666942,-0.162042942,
6.77815782,-0.162808993,
6.78964622,-0.163575045,
6.80113463,-0.164341097,
6.81262303,-0.165107149,
6.82411143,-0.165873201,
6.83559984,-0.166639252,
6.84708824,-0.167405304,
6.85857664,-0.168171356,
6.87006505,-0.168937408,
6.88155345,-0.16970346,
6.89304185,-0.170469512,
6.90453026,-0.171235563,
6.91601866,-0.172001615,
6.92750706,-0.172860323,
6.93899547,-0.17387906,
6.95048387,-0.174897796,
6.96197227,-0.175916533,
6.97346067,-0.176935269,
6.98494908,-0.177954006,
6.99643748,-0.178972742,
7.00792588,-0.179991478,
7.01941429,-0.181010215,
7.03090269,-0.182028951,
7.04239109,-0.183047688,
7.0538795,-0.184066424,
7.0653679,-0.185085161,
7.0768563,-0.186103897,
7.08834471,-0.187122633,
7.09983311,-0.18814137,
7.11132151,-0.189160106,
7.12280991,-0.185491111,
7.13429832,-0.186380105,
7.14578672,-0.1872691,
7.15727512,-0.188158094,
7.16876353,-0.189047089,
7.18025193,-0.189936083,
7.19174033,-0.190825078,
7.20322874,-0.191714072,
7.21471714,-0.192603067,
7.22620554,-0.193492061,
7.23769395,-0.194381056,
7.24918235,-0.19527005,
7.26067075,-0.196159045,
7.27215915,-0.197048039,
7.28364756,-0.197937034,
7.29513596,-0.198826028,
7.30662436,-0.199715023,
7.31811277,-0.20053842,
7.32960117,-0.201306288,
7.34108957,-0.202074157,
7.35257798,-0.202842025,
7.36406638,-0.203609894,
7.37555478,-0.204377763,
7.38704319,-0.205145631,
7.39853159,-0.2059135,
7.41001999,-0.206681368,
7.42150839,-0.207449237,
7.4329968,-0.208217105,
7.4444852,-0.208984974,
7.4559736,-0.209752843,
7.46746201,-0.210520711,
7.47895041,-0.21128858,
7.49043881,-0.212056448,
7.50192722,-0.212824317,
7.51341562,-0.208758442,
7.52490402,-0.209413174,
7.53639243,-0.210067907,
7.54788083,-0.21072264,
7.55936923,-0.211377373,
7.57085763,-0.212032105,
7.58234604,-0.212686838,
7.59383444,-0.213341571,
7.60532284,-0.213996304,
7.61681125,-0.214651036,
7.62829965,-0.215305769,
7.63978805,-0.215960502,
7.65127646,-0.216615235,
7.66276486,-0.217269967,
7.67425326,-0.2179247,
7.68574167,-0.218579433,
7.69723007,-0.219234166,
7.70871847,-0.219809818,
7.72020688,-0.220354155,
7.73169528,-0.220898491,
7.74318368,-0.221442827,
7.75467208,-0.221987164,
7.76616049,-0.2225315,
7.77764889,-0.223075836,
7.78913729,-0.223620173,
7.8006257,-0.224164509,
7.8121141,-0.224708846,
7.8236025,-0.225253182,
7.83509091,-0.225797518,
7.84657931,-0.226341855,
7.85806771,-0.226886191,
7.86955612,-0.227430527,
7.88104452,-0.227974864,
7.89253292,-0.2285192,
7.90402132,-0.22417654,
7.91550973,-0.224667572,
7.92699813,-0.225158604,
7.93848653,-0.225649635,
7.94997494,-0.226140667,
7.96146334,-0.226631699,
7.97295174,-0.227122731,
7.98444015,-0.227613762,
7.99592855,-0.228104794,
8.00741695,-0.228595826,
8.01890536,-0.229086857,
8.03039376,-0.229577889,
8.04188216,-0.230068921,
8.05337056,-0.230559953,
8.06485897,-0.231050984,
8.07634737,-0.231542016,
8.08783577,-0.232033048,
8.09932418,-0.232469545,
8.11081258,-0.232899383,
8.12230098,-0.233329221,
8.13378939,-0.233759059,
8.14527779,-0.234188897,
8.15676619,-0.234618735,
8.1682546,-0.235048573,
8.179743,-0.235478411,
8.1912314,-0.235908249,
8.2027198,-0.236338086,
8.21420821,-0.236767924,
8.22569661,-0.237197762,
8.23718501,-0.2376276,
8.24867342,-0.238057438,
8.26016182,-0.238487276,
8.27165022,-0.238917114,
8.28313863,-0.239346952,
8.29462703,-0.234880291,
8.30611543,-0.235290549,
8.31760384,-0.235700806,
8.32909224,-0.236111063,
8.34058064,-0.236521321,
8.35206904,-0.236931578,
8.36355745,-0.237341836,
8.37504585,-0.237752093,
8.38653425,-0.238162351,
8.39802266,-0.238572608,
8.40951106,-0.238982866,
8.42099946,-0.239393123,
8.43248787,-0.239803381,
8.44397627,-0.240213638,
8.45546467,-0.240623896,
8.46695308,-0.241034153,
8.47844148,-0.241443601,
8.48992988,-0.24184157,
8.50141829,-0.242239538,
8.51290669,-0.242637506,
8.52439509,-0.243035474,
8.53588349,-0.243433443,
8.5473719,-0.243831411,
8.5588603,-0.244229379,
8.5703487,-0.244627347,
8.58183711,-0.245025316,
8.59332551,-0.245423284,
8.60481391,-0.245821252,
8.61630232,-0.24621922,
8.62779072,-0.246617189,
8.63927912,-0.247015157,
8.65076753,-0.247413125,
8.66225593,-0.247811093,
8.67374433,-0.243336877,
8.68523273,-0.243730914,
8.69672114,-0.244124951,
8.70820954,-0.244518987,
8.71969794,-0.244913024,
8.73118635,-0.245307061,
8.74267475,-0.245701097,
8.75416315,-0.246095134,
8.76565156,-0.246489171,
8.77713996,-0.246883207,
8.78862836,-0.247277244,
8.80011677,-0.247671281,
8.81160517,-0.248065317,
8.82309357,-0.248459354,
8.83458197,-0.248853391,
8.84607038,-0.249247428,
8.85755878,-0.249641464,
8.86904718,-0.250025317,
8.88053559,-0.25037709,
8.89202399,-0.250728864,
8.90351239,-0.251080638,
8.9150008,-0.251432412,
8.9264892,-0.251784186,
8.9379776,-0.25213596,
8.94946601,-0.252487734,
8.96095441,-0.252839508,
8.97244281,-0.253191282,
8.98393121,-0.253543056,
8.99541962,-0.25389483,
9.00690802,-0.254246604,
9.01839642,-0.254598378,
9.02988483,-0.254950152,
9.04137323,-0.255301926,
9.05286163,-0.2556537,
9.06435004,-0.25119095,
9.07583844,-0.25157171,
9.08732684,-0.251952471,
9.09881525,-0.252333232,
9.11030365,-0.252713993,
9.12179205,-0.253094754,
9.13328045,-0.253475515,
9.14476886,-0.253856276,
9.15625726,-0.254237037,
9.16774566,-0.254617798,
9.17923407,-0.254998558,
9.19072247,-0.255379319,
9.20221087,-0.25576008,
9.21369928,-0.256140841,
9.22518768,-0.256521602,
9.23667608,-0.256902363,
9.24816449,-0.257283124,
9.25965289,-0.257679706,
9.27114129,-0.258098514,
9.2826297,-0.258517322,
9.2941181,-0.258936131,
9.3056065,-0.259354939,
9.3170949,-0.259773747,
9.32858331,-0.260192555,
9.34007171,-0.260611363,
9.35156011,-0.261030172,
9.36304852,-0.26144898,
9.37453692,-0.261867788,
9.38602532,-0.262286596,
9.39751373,-0.262705404,
9.40900213,-0.263124212,
9.42049053,-0.263543021,
9.43197894,-0.263961829,
9.44346734,-0.264380637,
9.45495574,-0.260103038,
9.46644414,-0.260578466,
9.47793255,-0.261053894,
9.48942095,-0.261529323,
9.50090935,-0.262004751,
9.51239776,-0.262480179,
9.52388616,-0.262955607,
9.53537456,-0.263431036,
9.54686297,-0.263906464,
9.55835137,-0.264381892,
9.56983977,-0.26485732,
9.58132818,-0.265332749,
9.59281658,-0.265808177,
9.60430498,-0.266283605,
9.61579338,-0.266759033,
9.62728179,-0.267234462,
9.63877019,-0.26770989,
9.65025859,-0.268202241,
9.661747,-0.268706314,
9.6732354,-0.269210388,
9.6847238,-0.269714461,
9.69621221,-0.270218534,
9.70770061,-0.270722608,
9.71918901,-0.271226681,
9.73067742,-0.271730754,
9.74216582,-0.272234828,
9.75365422,-0.272738901,
9.76514262,-0.273242974,
9.77663103,-0.273747048,
9.78811943,-0.274251121,
9.79960783,-0.274755194,
9.81109624,-0.275259268,
9.82258464,-0.275763341,
9.83407304,-0.276267414,
9.84556145,-0.272314185,
9.85704985,-0.272944237,
9.86853825,-0.273574289,
9.88002666,-0.27420434,
9.89151506,-0.274834392,
9.90300346,-0.275464443,
9.91449186,-0.276094495,
9.92598027,-0.276724547,
9.93746867,-0.277354598,
9.94895707,-0.27798465,
9.96044548,-0.278614702,
9.97193388,-0.279244753,
9.98342228,-0.279874805,
9.99491069,-0.280504857,
10.0063991,-0.281134908,
10.0178875,-0.28176496,
10.0293759,-0.282395011,
10.0408643,-0.283173417,
10.0523527,-0.28399729,
10.0638411,-0.284821163,
10.0753295,-0.285645036,
10.0868179,-0.286468909,
10.0983063,-0.287292782,
10.1097947,-0.288116655,
10.1212831,-0.288940528,
10.1327715,-0.289764402,
10.1442599,-0.290588275,
10.1557483,-0.291412148,
10.1672367,-0.292236021,
10.1787251,-0.293059894,
10.1902135,-0.293883767,
10.2017019,-0.29470764,
10.2131903,-0.295531513,
10.2246787,-0.296355386,
10.2361672,-0.292895765,
10.2476556,-0.29364282,
10.259144,-0.294389875,
10.2706324,-0.29513693,
10.2821208,-0.295883985,
10.2936092,-0.29663104,
10.3050976,-0.297378095,
10.316586,-0.29812515,
10.3280744,-0.298872205,
10.3395628,-0.29961926,
10.3510512,-0.300366315,
10.3625396,-0.30111337,
10.374028,-0.301860425,
10.3855164,-0.302607479,
10.3970048,-0.303354534,
10.4084932,-0.304101589,
10.4199816,-0.304848644,
10.43147,-0.30530103,
10.4429584,-0.305734662,
10.4544468,-0.306168294,
10.4659352,-0.306601926,
10.4774236,-0.307035558,
10.488912,-0.30746919,
10.5004004,-0.307902822,
10.5118888,-0.308336454,
10.5233772,-0.308770086,
10.5348656,-0.309203718,
10.546354,-0.30963735,
10.5578424,-0.310070982,
10.5693308,-0.310504614,
10.5808192,-0.310938246,
10.5923076,-0.311371878,
10.6037961,-0.31180551,
10.6152845,-0.308607482,
10.6267729,-0.309056418,
10.6382613,-0.309505353,
10.6497497,-0.309954289,
10.6612381,-0.310403225,
10.6727265,-0.310852161,
10.6842149,-0.311301097,
10.6957033,-0.311750033,
10.7071917,-0.312198968,
10.7186801,-0.312647904,
10.7301685,-0.31309684,
10.7416569,-0.313545776,
10.7531453,-0.313994712,
10.7646337,-0.314443648,
10.7761221,-0.314892584,
10.7876105,-0.315341519,
10.7990989,-0.315790455,
10.8105873,-0.316210234,
10.8220757,-0.316405492,
10.8335641,-0.31660075,
10.8450525,-0.316796007,
10.8565409,-0.316991265,
10.8680293,-0.317186523,
10.8795177,-0.31738178,
10.8910061,-0.317577038,
10.9024945,-0.317772296,
10.9139829,-0.317967553,
10.9254713,-0.318162811,
10.9369597,-0.318358069,
10.9484481,-0.318553326,
10.9599365,-0.318748584,
10.9714249,-0.318943842,
10.9829134,-0.319139099,
10.9944018,-0.319334357,
11.0058902,-0.316909394,
11.0173786,-0.316604494,
11.028867,-0.316299595,
11.0403554,-0.315994695,
11.0518438,-0.315689795,
11.0633322,-0.315384896,
11.0748206,-0.315079996,
11.086309,-0.314775097,
11.0977974,-0.314470197,
11.1092858,-0.314165298,
11.1207742,-0.313860398,
11.1322626,-0.313555499,
11.143751,-0.313250599,
11.1552394,-0.312945699,
11.1667278,-0.3126408,
11.1782162,-0.3123359,
11.1897046,-0.312031001,
11.201193,-0.311523912,
11.2126814,-0.310521425,
11.2241698,-0.309518939,
11.2356582,-0.308516452,
11.2471466,-0.307513965,
11.258635,-0.306511479,
11.2701234,-0.305508992,
11.2816118,-0.304506506,
11.2931002,-0.303504019,
11.3045886,-0.302501532,
11.316077,-0.301499046,
11.3275654,-0.300496559,
11.3390538,-0.299494072,
11.3505423,-0.298491586,
11.3620307,-0.297489099,
11.3735191,-0.296486612,
11.3850075,-0.295484126,
11.3964959,-0.293358632,
11.4079843,-0.291849299,
11.4194727,-0.290339965,
11.4309611,-0.288830632,
11.4424495,-0.287321299,
11.4539379,-0.285811966,
11.4654263,-0.284302632,
11.4769147,-0.282793299,
11.4884031,-0.281283966,
11.4998915,-0.279774633,
11.5113799,-0.278265299,
11.5228683,-0.276755966,
11.5343567,-0.275246633,
11.5458451,-0.273737299,
11.5573335,-0.272227966,
11.5688219,-0.270718633,
11.5803103,-0.2692093,
11.5917987,-0.267641136,
11.6032871,-0.266005138,
11.6147755,-0.26436914,
11.6262639,-0.262733142,
11.6377523,-0.261097144,
11.6492407,-0.259461146,
11.6607291,-0.257825148,
11.6722175,-0.256189151,
11.6837059,-0.254553153,
11.6951943,-0.252917155,
11.7066827,-0.251281157,
11.7181711,-0.249645159,
11.7296596,-0.248009161,
11.741148,-0.246373163,
11.7526364,-0.244737165,
11.7641248,-0.243101167,
11.7756132,-0.24146517,
11.7871016,-0.239777573,
11.79859,-0.238209666,
11.8100784,-0.236641759,
11.8215668,-0.235073852,
11.8330552,-0.233505945,
11.8445436,-0.231938038,
11.856032,-0.230370131,
11.8675204,-0.228802224,
11.8790088,-0.227234317,
11.8904972,-0.22566641,
11.9019856,-0.224098503,
11.913474,-0.222530596,
11.9249624,-0.220962689,
11.9364508,-0.219394782,
11.9479392,-0.217826875,
11.9594276,-0.216258968,
11.970916,-0.214691061,
11.9824044,-0.213276766,
11.9938928,-0.211949012,
12.0053812,-0.210621258,
12.0168696,-0.209293504,
12.028358,-0.207965751,
12.0398464,-0.206637997,
12.0513348,-0.205310243,
12.0628232,-0.203982489,
12.0743116,-0.202654736,
12.0858,-0.201326982,
12.0972885,-0.199999228,
12.1087769,-0.198671474,
12.1202653,-0.197343721,
12.1317537,-0.196015967,
12.1432421,-0.194688213,
12.1547305,-0.19336046,
12.1662189,-0.192032706,
12.1777073,-0.190809207,
12.1891957,-0.18954152,
12.2006841,-0.188273833,
12.2121725,-0.187006146,
12.2236609,-0.185738459,
12.2351493,-0.184470772,
12.2466377,-0.183203084,
12.2581261,-0.181935397,
12.2696145,-0.18066771,
12.2811029,-0.179400023,
12.2925913,-0.178132336,
12.3040797,-0.176864649,
12.3155681,-0.175596962,
12.3270565,-0.174329275,
12.3385449,-0.173061588,
12.3500333,-0.1717939,
12.3615217,-0.170526213,
12.3730101,-0.169345401,
12.3844985,-0.16818436,
12.3959869,-0.167023319,
12.4074753,-0.165862277,
12.4189637,-0.164701236,
12.4304521,-0.163540195,
12.4419405,-0.162379154,
12.4534289,-0.161218113,
12.4649174,-0.160057072,
12.4764058,-0.158896031,
12.4878942,-0.15773499,
12.4993826,-0.156573949,
12.510871,-0.155412908,
12.5223594,-0.154251867,
12.5338478,-0.153090826,
12.5453362,-0.151929785,
12.5568246,-0.150768744,
12.568313,-0.149893853,
12.5798014,-0.148965634,
12.5912898,-0.148037414,
12.6027782,-0.147109195,
12.6142666,-0.146180975,
12.625755,-0.145252756,
12.6372434,-0.144324536,
12.6487318,-0.143396317,
12.6602202,-0.142468098,
12.6717086,-0.141539878,
12.683197,-0.140611659,
12.6946854,-0.139683439,
12.7061738,-0.13875522,
12.7176622,-0.137827,
12.7291506,-0.136898781,
12.740639,-0.135970561,
12.7521274,-0.135042342,
12.7636158,-0.134210762,
12.7751042,-0.13338023,
12.7865926,-0.132549697,
12.798081,-0.131719164,
12.8095694,-0.130888632,
12.8210578,-0.130058099,
12.8325462,-0.129227566,
12.8440347,-0.128397034,
12.8555231,-0.127566501,
12.8670115,-0.126735969,
12.8784999,-0.125905436,
12.8899883,-0.125074903,
12.9014767,-0.124244371,
12.9129651,-0.123413838,
12.9244535,-0.122583305,
12.9359419,-0.121752773,
12.9474303,-0.120999563,
12.9589187,-0.12018956,
12.9704071,-0.119379556,
12.9818955,-0.118569553,
12.9933839,-0.11775955,
13.0048723,-0.116949547,
13.0163607,-0.116139543,
13.0278491,-0.11532954,
13.0393375,-0.114519537,
13.0508259,-0.113709533,
13.0623143,-0.11289953,
13.0738027,-0.112089527,
13.0852911,-0.111279524,
13.0967795,-0.11046952,
13.1082679,-0.109659517,
13.1197563,-0.108849514,
13.1312447,-0.10803951,
13.1427331,-0.107245579,
13.1542215,-0.106533539,
13.1657099,-0.105821499,
13.1771983,-0.105109459,
13.1886867,-0.104397419,
13.2001751,-0.103685379,
13.2116636,-0.102973339,
13.223152,-0.102261299,
13.2346404,-0.101549259,
13.2461288,-0.100837218,
13.2576172,-0.100125178,
13.2691056,-0.099413138,
13.280594,-0.098701098,
13.2920824,-0.097989058,
13.3035708,-0.097277018,
13.3150592,-0.096564978,
13.3265476,-0.095852938,
13.338036,-0.095214287,
13.3495244,-0.094534145,
13.3610128,-0.093854002,
13.3725012,-0.09317386,
13.3839896,-0.092493718,
13.395478,-0.091813576,
13.4069664,-0.091133434,
13.4184548,-0.090453291,
13.4299432,-0.089773149,
13.4414316,-0.089093007,
13.45292,-0.088412865,
13.4644084,-0.087732723,
13.4758968,-0.08705258,
13.4873852,-0.086372438,
13.4988736,-0.085692296,
13.510362,-0.085012154,
13.5218504,-0.084332012,
13.5333388,-0.08366831,
13.5448272,-0.08303664,
13.5563156,-0.082404969,
13.567804,-0.081773298,
13.5792924,-0.081141627,
13.5907809,-0.080509956,
13.6022693,-0.079878286,
13.6137577,-0.079246615,
13.6252461,-0.078614944,
13.6367345,-0.077983273,
13.6482229,-0.077351602,
13.6597113,-0.076719931,
13.6711997,-0.076088261,
13.6826881,-0.07545659,
13.6941765,-0.074824919,
13.7056649,-0.074193248,
13.7171533,-0.073561577,
13.7286417,-0.073012999,
13.7401301,-0.072469469,
13.7516185,-0.071925939,
13.7631069,-0.07138241,
13.7745953,-0.07083888,
13.7860837,-0.07029535,
13.7975721,-0.06975182,
13.8090605,-0.06920829,
13.8205489,-0.06866476,
13.8320373,-0.06812123,
13.8435257,-0.0675777,
13.8550141,-0.06703417,
13.8665025,-0.06649064,
13.8779909,-0.06594711,
13.8894793,-0.06540358,
13.9009677,-0.06486005,
13.9124561,-0.06431652,
13.9239445,-0.063795669,
13.9354329,-0.063296275,
13.9469213,-0.062796881,
13.9584098,-0.062297487,
13.9698982,-0.061798094,
13.9813866,-0.0612987,
13.992875,-0.060799306,
14.0043634,-0.060299913,
14.0158518,-0.059800519,
14.0273402,-0.059301125,
14.0388286,-0.058801732,
14.050317,-0.058302338,
14.0618054,-0.057802944,
14.0732938,-0.057303551,
14.0847822,-0.056804157,
14.0962706,-0.056304763,
14.107759,-0.055805369,
14.1192474,-0.055363534,
14.1307358,-0.054908116,
14.1422242,-0.054452699,
14.1537126,-0.053997282,
14.165201,-0.053541865,
14.1766894,-0.053086448,
14.1881778,-0.052631031,
14.1996662,-0.052175614,
14.2111546,-0.051720197,
14.222643,-0.05126478,
14.2341314,-0.050809362,
14.2456198,-0.050353945,
14.2571082,-0.049898528,
14.2685966,-0.049443111,
14.280085,-0.048987694,
14.2915734,-0.048532277,
14.3030618,-0.04807686,
14.3145502,-0.047660125,
14.3260387,-0.047260879,
14.3375271,-0.046861633,
14.3490155,-0.046462387,
14.3605039,-0.046063141,
14.3719923,-0.045663895,
14.3834807,-0.045264649,
14.3949691,-0.044865403,
14.4064575,-0.044466157,
14.4179459,-0.044066911,
14.4294343,-0.043667665,
14.4409227,-0.04326842,
14.4524111,-0.042869174,
14.4638995,-0.042469928,
14.4753879,-0.042070682,
14.4868763,-0.041671436,
14.4983647,-0.04127219,
14.5098531,-0.040911575,
14.5213415,-0.040532323,
14.5328299,-0.040153071,
14.5443183,-0.039773818,
14.5558067,-0.039394566,
14.5672951,-0.039015314,
14.5787835,-0.038636062,
14.5902719,-0.038256809,
14.6017603,-0.037877557,
14.6132487,-0.037498305,
14.6247371,-0.037119053,
14.6362255,-0.0367398,
14.6477139,-0.036360548,
14.6592023,-0.035981296,
14.6706907,-0.035602044,
14.6821791,-0.035222791,
14.6936675,-0.034843539,
14.705156,-0.034486606,
14.7166444,-0.034133196,
14.7281328,-0.033779786,
14.7396212,-0.033426376,
14.7511096,-0.033072966,
14.762598,-0.032719556,
14.7740864,-0.032366145,
14.7855748,-0.032012735,
14.7970632,-0.031659325,
14.8085516,-0.031305915,
14.82004,-0.030952505,
14.8315284,-0.030599095,
14.8430168,-0.030245684,
14.8545052,-0.029892274,
14.8659936,-0.029538864,
14.877482,-0.029185454,
14.8889704,-0.028832044,
14.9004588,-0.028566263,
14.9119472,-0.028285627,
14.9234356,-0.028004992,
14.934924,-0.027724356,
14.9464124,-0.02744372,
14.9579008,-0.027163084,
14.9693892,-0.026882449,
14.9808776,-0.026601813,
14.992366,-0.026321177,
15.0038544,-0.026040541,
15.0153428,-0.025759906,
15.0268312,-0.02547927,
15.0383196,-0.025198634,
15.049808,-0.024917999,
15.0612964,-0.024637363,
15.0727849,-0.024356727,
15.0842733,-0.024077585,
15.0957617,-0.023835899,
15.1072501,-0.023594214,
15.1187385,-0.023352529,
15.1302269,-0.023110843,
15.1417153,-0.022869158,
15.1532037,-0.022627472,
15.1646921,-0.022385787,
15.1761805,-0.022144102,
15.1876689,-0.021902416,
15.1991573,-0.021660731,
15.2106457,-0.021419046,
15.2221341,-0.02117736,
15.2336225,-0.020935675,
15.2451109,-0.020693989,
15.2565993,-0.020452304,
15.2680877,-0.020210619,
15.2795761,-0.019986422,
15.2910645,-0.019758246,
15.3025529,-0.01953007,
15.3140413,-0.019301894,
15.3255297,-0.019073717,
15.3370181,-0.018845541,
15.3485065,-0.018617365,
15.3599949,-0.018389188,
15.3714833,-0.018161012,
15.3829717,-0.017932836,
15.3944601,-0.01770466,
15.4059485,-0.017476483,
15.4174369,-0.017248307,
15.4289253,-0.017020131,
15.4404138,-0.016791954,
15.4519022,-0.016563778,
15.4633906,-0.016335602,
15.474879,-0.01611971,
15.4863674,-0.015949169,
15.4978558,-0.015778627,
15.5093442,-0.015608086,
15.5208326,-0.015437545,
15.532321,-0.015267003,
15.5438094,-0.015096462,
15.5552978,-0.01492592,
15.5667862,-0.014755379,
15.5782746,-0.014584837,
15.589763,-0.014414296,
15.6012514,-0.014243755,
15.6127398,-0.014073213,
15.6242282,-0.013902672,
15.6357166,-0.01373213,
15.647205,-0.013561589,
15.6586934,-0.013391048,
15.6701818,-0.013246767,
15.6816702,-0.013115255,
15.6931586,-0.012983744,
15.704647,-0.012852232,
15.7161354,-0.012720721,
15.7276238,-0.012589209,
15.7391122,-0.012457698,
15.7506006,-0.012326186,
15.762089,-0.012194674,
15.7735774,-0.012063163,
15.7850658,-0.011931651,
15.7965542,-0.01180014,
15.8080426,-0.011668628,
15.8195311,-0.011537116,
15.8310195,-0.011405605,
15.8425079,-0.011274093,
15.8539963,-0.011142582,
15.8654847,-0.011021095,
15.8769731,-0.010915416,
15.8884615,-0.010809737,
15.8999499,-0.010704058,
15.9114383,-0.010598379,
15.9229267,-0.010492701,
15.9344151,-0.010387022,
15.9459035,-0.010281343,
15.9573919,-0.010175664,
15.9688803,-0.010069985,
15.9803687,-0.009964306,
15.9918571,-0.009858627,
16.0033455,-0.009752948,
16.0148339,-0.009647269,
16.0263223,-0.00954159,
16.0378107,-0.009435911,
16.0492991,-0.009330232,
16.0607875,-0.009252476,
16.0722759,-0.009174949,
16.0837643,-0.009097423,
16.0952527,-0.009019897,
16.1067411,-0.008942371,
16.1182295,-0.008864845,
16.1297179,-0.008787318,
16.1412063,-0.008709792,
16.1526947,-0.008632266,
16.1641831,-0.00855474,
16.1756715,-0.008477214,
16.18716,-0.008399687,
16.1986484,-0.008322161,
16.2101368,-0.008244635,
16.2216252,-0.008167109,
16.2331136,-0.008089583,
16.244602,-0.008012057,
16.2560904,-0.007944159,
16.2675788,-0.007883738,
16.2790672,-0.007823318,
16.2905556,-0.007762897,
16.302044,-0.007702477,
16.3135324,-0.007642056,
16.3250208,-0.007581636,
16.3365092,-0.007521215,
16.3479976,-0.007460795,
16.359486,-0.007400374,
16.3709744,-0.007339954,
16.3824628,-0.007279533,
16.3939512,-0.007219113,
16.4054396,-0.007158692,
16.416928,-0.007098272,
16.4284164,-0.007037851,
16.4399048,-0.006977431,
16.4513932,-0.006952493,
16.4628816,-0.006921117,
16.47437,-0.00688974,
16.4858584,-0.006858363,
16.4973468,-0.006826987,
16.5088352,-0.00679561,
16.5203236,-0.006764233,
16.531812,-0.006732857,
16.5433004,-0.00670148,
16.5547888,-0.006670103,
16.5662773,-0.006638727,
16.5777657,-0.00660735,
16.5892541,-0.006575973,
16.6007425,-0.006544597,
16.6122309,-0.00651322,
16.6237193,-0.006481844,
16.6352077,-0.006450467,
16.6466961,-0.006434471,
16.6581845,-0.006423943,
16.6696729,-0.006413414,
16.6811613,-0.006402886,
16.6926497,-0.006392358,
16.7041381,-0.006381829,
16.7156265,-0.006371301,
16.7271149,-0.006360772,
16.7386033,-0.006350244,
16.7500917,-0.006339716,
16.7615801,-0.006329187,
16.7730685,-0.006318659,
16.7845569,-0.006308131,
16.7960453,-0.006297602,
16.8075337,-0.006287074,
16.8190221,-0.006276545,
16.8305105,-0.006266017,
16.8419989,-0.006287004,
16.8534873,-0.006285759,
16.8649757,-0.006284514,
16.8764641,-0.006283269,
16.8879525,-0.006282024,
16.8994409,-0.006280779,
16.9109293,-0.006279534,
16.9224177,-0.006278289,
16.9339062,-0.006277044,
16.9453946,-0.006275799,
16.956883,-0.006274555,
16.9683714,-0.00627331,
16.9798598,-0.006287381,
16.9913482,-0.006306263,
17.0028366,-0.006325144,
17.014325,-0.006344026,
17.0258134,-0.006362907,
17.0373018,-0.006391274,
17.0487902,-0.006439735,
17.0602786,-0.006488195,
17.071767,-0.006536656,
17.0832554,-0.006585116,
17.0947438,-0.006633577,
17.1062322,-0.006746596,
17.1177206,-0.006868381,
17.129209,-0.006990166,
17.1406974,-0.00711195,
17.1521858,-0.007233735,
17.1636742,-0.007377007,
17.1751626,-0.007547591,
17.186651,-0.007718175,
17.1981394,-0.008167912,
17.2096278,-0.008697173,
17.2211162,-0.00917502,
