X1,X2,X3,X4,Tavg,Trip,Tcog,Navg,Nrip,Ncog
9.85,10.85,15.85,13.85,1443.99,19.08,20.94,0.35302457466918896,0.2106918238993705,0.7571428571428596
9.85,10.85,15.85,13.925,1456.2,19.01,20.59,0.6415406427221203,0.18867924528301933,0.257142857142857
9.85,10.85,15.85,14.0,1458.51,18.86,20.59,0.6961247637051059,0.14150943396226395,0.257142857142857
9.85,10.85,15.85,14.075,1455.53,18.98,20.62,0.6257088846880922,0.17924528301886802,0.30000000000000154
9.85,10.85,15.85,14.15,1456.09,18.87,20.79,0.6389413988657846,0.14465408805031474,0.542857142857142
9.85,10.85,15.924999999999999,13.85,1444.5,18.91,20.75,0.3650756143667313,0.15723270440251574,0.485714285714286
9.85,10.85,15.924999999999999,13.925,1448.39,19.12,20.81,0.4569943289224994,0.2232704402515726,0.57142857142857
9.85,10.85,15.924999999999999,14.0,1457.37,18.87,20.72,0.6691871455576555,0.14465408805031474,0.4428571428571415
9.85,10.85,15.924999999999999,14.075,1455.93,18.88,20.6,0.6351606805293041,0.14779874213836444,0.2714285714285735
9.85,10.85,15.924999999999999,14.15,1455.04,18.84,20.63,0.6141304347826099,0.13522012578616344,0.314285714285713
9.85,10.85,16.0,13.85,1455.12,18.84,20.53,0.6160207939508501,0.13522012578616344,0.171428571428573
9.85,10.85,16.0,13.925,1444.72,18.85,20.76,0.37027410207939737,0.13836477987421425,0.5000000000000026
9.85,10.85,16.0,14.0,1451.22,19.58,20.81,0.5238657844990573,0.36792452830188627,0.57142857142857
9.85,10.85,16.0,14.075,1429.72,19.42,20.75,0.01583175803402821,0.3176100628930823,0.485714285714286
9.85,10.85,16.0,14.15,1455.71,18.6,20.7,0.629962192816638,0.059748427672956385,0.4142857142857135
9.85,10.85,16.075,13.85,1443.3,18.78,20.71,0.3367202268431007,0.11635220125786196,0.42857142857143005
9.85,10.85,16.075,13.925,1443.27,19.15,20.75,0.3360113421550106,0.2327044025157228,0.485714285714286
9.85,10.85,16.075,14.0,1444.67,18.8,20.6,0.3690926275992472,0.12264150943396246,0.2714285714285735
9.85,10.85,16.075,14.075,1445.0,18.97,20.69,0.3768903591682436,0.1761006289308172,0.400000000000002
9.85,10.85,16.075,14.15,1455.67,18.69,20.52,0.6290170132325179,0.08805031446540917,0.1571428571428565
9.85,10.85,16.15,13.85,1444.04,18.66,20.69,0.3542060491493391,0.07861635220125787,0.400000000000002
9.85,10.85,16.15,13.925,1444.02,18.64,20.62,0.35373345935727907,0.07232704402515737,0.30000000000000154
9.85,10.85,16.15,14.0,1445.3,18.93,20.66,0.3839792060491499,0.16352201257861623,0.3571428571428575
9.85,10.85,16.15,14.075,1443.92,18.84,20.63,0.35137051039697875,0.13522012578616344,0.314285714285713
9.85,10.85,16.15,14.15,1448.64,18.56,20.52,0.46290170132325553,0.047169811320754276,0.1571428571428565
9.85,10.925,15.85,13.85,1430.06,19.94,20.89,0.023865784499054642,0.4811320754716985,0.685714285714287
9.85,10.925,15.85,13.925,1456.24,19.17,20.76,0.6424858223062404,0.2389937106918244,0.5000000000000026
9.85,10.925,15.85,14.0,1459.39,19.1,20.84,0.7169187145557702,0.21698113207547212,0.6142857142857145
9.85,10.925,15.85,14.075,1458.58,19.2,20.95,0.697778827977316,0.2484276729559746,0.771428571428571
9.85,10.925,15.85,14.15,1447.35,19.68,20.67,0.4324196597353493,0.39937106918238985,0.37142857142857405
9.85,10.925,15.924999999999999,13.85,1439.79,19.14,20.73,0.2537807183364845,0.2295597484276731,0.457142857142858
9.85,10.925,15.924999999999999,13.925,1448.63,19.14,20.66,0.46266540642722553,0.2295597484276731,0.3571428571428575
9.85,10.925,15.924999999999999,14.0,1449.97,19.16,20.68,0.49432892249527655,0.23584905660377362,0.3857142857142855
9.85,10.925,15.924999999999999,14.075,1459.0,19.12,20.62,0.7077032136105882,0.2232704402515726,0.30000000000000154
9.85,10.925,15.924999999999999,14.15,1447.53,19.49,20.63,0.4366729678638952,0.33962264150943344,0.314285714285713
9.85,10.925,16.0,13.85,1456.62,18.41,20.67,0.651465028355387,0.0,0.37142857142857405
9.85,10.925,16.0,13.925,1448.48,19.28,20.63,0.4591209829867697,0.2735849056603777,0.314285714285713
9.85,10.925,16.0,14.0,1449.32,19.02,20.62,0.4789697542533084,0.19182389937106903,0.30000000000000154
9.85,10.925,16.0,14.075,1447.27,19.13,20.59,0.43052930056710903,0.2264150943396223,0.257142857142857
9.85,10.925,16.0,14.15,1447.51,19.37,20.57,0.43620037807183515,0.3018867924528305,0.228571428571429
9.85,10.925,16.075,13.85,1437.69,18.77,20.69,0.204158790170135,0.11320754716981116,0.400000000000002
9.85,10.925,16.075,13.925,1447.73,19.16,20.72,0.4413988657845012,0.23584905660377362,0.4428571428571415
9.85,10.925,16.075,14.0,1448.64,18.92,20.57,0.46290170132325553,0.16037735849056656,0.228571428571429
9.85,10.925,16.075,14.075,1447.23,19.14,20.7,0.4295841209829889,0.2295597484276731,0.4142857142857135
9.85,10.925,16.075,14.15,1443.48,19.19,20.5,0.3409735349716466,0.24528301886792492,0.1285714285714285
9.85,10.925,16.15,13.85,1439.29,18.7,20.73,0.24196597353497223,0.09119496855345886,0.457142857142858
9.85,10.925,16.15,13.925,1447.23,18.85,20.57,0.4295841209829889,0.13836477987421425,0.228571428571429
9.85,10.925,16.15,14.0,1448.18,18.95,20.62,0.45203213610586335,0.16981132075471672,0.30000000000000154
9.85,10.925,16.15,14.075,1446.99,19.01,20.62,0.4239130434782628,0.18867924528301933,0.30000000000000154
9.85,10.925,16.15,14.15,1448.81,18.85,20.56,0.46691871455576606,0.13836477987421425,0.21428571428571247
9.85,11.0,15.85,13.85,1432.65,20.14,20.85,0.08506616257089182,0.5440251572327046,0.628571428571431
9.85,11.0,15.85,13.925,1434.1,20.16,20.84,0.1193289224952732,0.5503144654088051,0.6142857142857145
9.85,11.0,15.85,14.0,1432.61,20.12,20.83,0.08412098298676632,0.5377358490566041,0.599999999999998
9.85,11.0,15.85,14.075,1458.25,20.01,20.97,0.6899810964083197,0.5031446540880508,0.7999999999999989
9.85,11.0,15.85,14.15,1447.51,19.89,20.63,0.43620037807183515,0.4654088050314467,0.314285714285713
9.85,11.0,15.924999999999999,13.85,1443.88,19.39,20.76,0.35042533081285865,0.30817610062893097,0.5000000000000026
9.85,11.0,15.924999999999999,13.925,1433.68,20.09,20.74,0.10940453686200652,0.5283018867924528,0.4714285714285695
9.85,11.0,15.924999999999999,14.0,1433.24,19.99,20.8,0.09900756143667441,0.4968553459119492,0.5571428571428585
9.85,11.0,15.924999999999999,14.075,1456.76,19.73,20.86,0.6547731568998129,0.41509433962264164,0.6428571428571425
9.85,11.0,15.924999999999999,14.15,1449.36,19.85,20.65,0.47991493383742856,0.45283018867924574,0.342857142857141
9.85,11.0,16.0,13.85,1434.48,19.59,20.78,0.12830812854442514,0.371069182389937,0.5285714285714306
9.85,11.0,16.0,13.925,1443.46,19.27,20.63,0.34050094517958657,0.2704402515723269,0.314285714285713
9.85,11.0,16.0,14.0,1441.07,19.4,20.58,0.2840264650283554,0.3113207547169807,0.24285714285714047
9.85,11.0,16.0,14.075,1457.84,19.79,20.87,0.6802930056710776,0.43396226415094313,0.657142857142859
9.85,11.0,16.0,14.15,1447.97,19.57,20.52,0.44706994328922733,0.36477987421383656,0.1571428571428565
9.85,11.0,16.075,13.85,1441.85,18.93,20.7,0.30245746691871395,0.16352201257861623,0.4142857142857135
9.85,11.0,16.075,13.925,1442.0,18.99,20.69,0.3060018903591698,0.18238993710691773,0.400000000000002
9.85,11.0,16.075,14.0,1434.02,19.58,20.71,0.11743856332703295,0.36792452830188627,0.42857142857143005
9.85,11.0,16.075,14.075,1448.81,19.4,20.55,0.46691871455576606,0.3113207547169807,0.200000000000001
9.85,11.0,16.075,14.15,1460.06,19.69,20.79,0.732750472589793,0.40251572327044066,0.542857142857142
9.85,11.0,16.15,13.85,1457.28,19.22,20.64,0.6670604914933852,0.2547169811320751,0.3285714285714295
9.85,11.0,16.15,13.925,1440.41,18.82,20.65,0.26843100189036256,0.12893081761006295,0.342857142857141
9.85,11.0,16.15,14.0,1441.38,19.01,20.57,0.2913516068052971,0.18867924528301933,0.228571428571429
9.85,11.0,16.15,14.075,1448.31,19.15,20.47,0.45510396975425377,0.2327044025157228,0.08571428571428398
9.85,11.0,16.15,14.15,1448.42,19.17,20.49,0.4577032136105895,0.2389937106918244,0.11428571428571196
9.85,11.075,15.85,13.85,1437.91,20.37,20.86,0.20935727788280106,0.6163522012578619,0.6428571428571425
9.85,11.075,15.85,13.925,1438.63,20.29,20.85,0.22637051039697942,0.5911949685534589,0.628571428571431
9.85,11.075,15.85,14.0,1435.0,20.37,20.81,0.1405954631379975,0.6163522012578619,0.57142857142857
9.85,11.075,15.85,14.075,1436.45,20.52,20.77,0.17485822306238427,0.6635220125786162,0.514285714285714
9.85,11.075,15.85,14.15,1435.24,20.86,20.73,0.14626654064272362,0.7704402515723269,0.457142857142858
9.85,11.075,15.924999999999999,13.85,1437.25,20.21,20.81,0.1937618147448029,0.5660377358490569,0.57142857142857
9.85,11.075,15.924999999999999,13.925,1438.25,20.19,20.75,0.2173913043478275,0.5597484276729564,0.485714285714286
9.85,11.075,15.924999999999999,14.0,1435.63,20.21,20.72,0.1554820415879056,0.5660377358490569,0.4428571428571415
9.85,11.075,15.924999999999999,14.075,1436.26,20.3,20.7,0.1703686200378083,0.5943396226415096,0.4142857142857135
9.85,11.075,15.924999999999999,14.15,1436.2,20.6,20.7,0.1689508506616281,0.6886792452830194,0.4142857142857135
9.85,11.075,16.0,13.85,1437.18,20.06,20.81,0.19210775047259265,0.5188679245283014,0.57142857142857
9.85,11.075,16.0,13.925,1437.61,19.95,20.78,0.20226843100188938,0.4842767295597482,0.5285714285714306
9.85,11.075,16.0,14.0,1434.73,20.02,20.67,0.13421550094518128,0.5062893081761005,0.37142857142857405
9.85,11.075,16.0,14.075,1435.51,20.16,20.69,0.15264650283553985,0.5503144654088051,0.400000000000002
9.85,11.075,16.0,14.15,1444.25,20.0,20.53,0.35916824196597513,0.5,0.171428571428573
9.85,11.075,16.075,13.85,1437.49,19.77,20.74,0.199432892249529,0.4276729559748426,0.4714285714285695
9.85,11.075,16.075,13.925,1444.06,19.34,20.59,0.35467863894139917,0.2924528301886792,0.257142857142857
9.85,11.075,16.075,14.0,1435.75,19.88,20.67,0.15831758034026597,0.4622641509433959,0.37142857142857405
9.85,11.075,16.075,14.075,1446.45,19.35,20.58,0.41115311909263036,0.29559748427673,0.24285714285714047
9.85,11.075,16.075,14.15,1444.11,19.65,20.54,0.35586011342154933,0.3899371069182385,0.18571428571428447
9.85,11.075,16.15,13.85,1443.64,19.24,20.59,0.3447542533081325,0.2610062893081756,0.257142857142857
9.85,11.075,16.15,13.925,1438.86,19.64,20.62,0.23180529300567013,0.38679245283018887,0.30000000000000154
9.85,11.075,16.15,14.0,1447.51,19.07,20.54,0.43620037807183515,0.20754716981132082,0.18571428571428447
9.85,11.075,16.15,14.075,1436.33,19.61,20.57,0.17202268431001852,0.37735849056603754,0.228571428571429
9.85,11.075,16.15,14.15,1445.28,19.31,20.49,0.38350661625708987,0.2830188679245279,0.11428571428571196
9.85,11.15,15.85,13.85,1440.41,20.52,20.81,0.26843100189036256,0.6635220125786162,0.57142857142857
9.85,11.15,15.85,13.925,1439.42,20.78,20.8,0.245037807183368,0.7452830188679249,0.5571428571428585
9.85,11.15,15.85,14.0,1440.01,21.0,20.77,0.2589792060491506,0.8144654088050315,0.514285714285714
9.85,11.15,15.85,14.075,1438.78,21.3,20.71,0.2299149338374299,0.9088050314465411,0.42857142857143005
9.85,11.15,15.85,14.15,1437.07,21.59,20.68,0.18950850661625696,1.0,0.3857142857142855
9.85,11.15,15.924999999999999,13.85,1439.73,20.36,20.76,0.25236294896030437,0.6132075471698112,0.5000000000000026
9.85,11.15,15.924999999999999,13.925,1439.18,20.47,20.74,0.2393667296786419,0.6477987421383644,0.4714285714285695
9.85,11.15,15.924999999999999,14.0,1440.15,20.83,20.71,0.2622873345935764,0.7610062893081756,0.42857142857143005
9.85,11.15,15.924999999999999,14.075,1438.53,21.03,20.63,0.22400756143667375,0.8238993710691828,0.314285714285713
9.85,11.15,15.924999999999999,14.15,1437.73,21.27,20.61,0.20510396975425513,0.8993710691823898,0.285714285714285
9.85,11.15,16.0,13.85,1439.1,20.11,20.71,0.23747637051039625,0.5345911949685532,0.42857142857143005
9.85,11.15,16.0,13.925,1438.45,20.31,20.74,0.22211720226843348,0.5974842767295594,0.4714285714285695
9.85,11.15,16.0,14.0,1439.72,20.62,20.69,0.2521266540642743,0.6949685534591198,0.400000000000002
9.85,11.15,16.0,14.075,1438.6,20.83,20.64,0.22566162570888396,0.7610062893081756,0.3285714285714295
9.85,11.15,16.0,14.15,1437.25,21.16,20.59,0.1937618147448029,0.8647798742138365,0.257142857142857
9.85,11.15,16.075,13.85,1439.95,19.93,20.7,0.2575614366729704,0.4779874213836477,0.4142857142857135
9.85,11.15,16.075,13.925,1439.51,20.12,20.69,0.24716446124763827,0.5377358490566041,0.400000000000002
9.85,11.15,16.075,14.0,1440.67,20.31,20.65,0.2745746691871488,0.5974842767295594,0.342857142857141
9.85,11.15,16.075,14.075,1445.2,20.11,20.58,0.3816162570888496,0.5345911949685532,0.24285714285714047
9.85,11.15,16.075,14.15,1436.33,20.8,20.55,0.17202268431001852,0.7515723270440254,0.200000000000001
9.85,11.15,16.15,13.85,1449.0,19.28,20.59,0.4714083175803421,0.2735849056603777,0.257142857142857
9.85,11.15,16.15,13.925,1439.38,19.78,20.62,0.24409262759924788,0.43081761006289343,0.30000000000000154
9.85,11.15,16.15,14.0,1449.94,19.49,20.52,0.4936200378071865,0.33962264150943344,0.1571428571428565
9.85,11.15,16.15,14.075,1447.46,19.9,20.5,0.435018903591685,0.4685534591194964,0.1285714285714285
9.85,11.15,16.15,14.15,1449.31,19.85,20.45,0.4787334593572784,0.45283018867924574,0.05714285714285598
9.925,10.85,15.85,13.85,1457.01,19.12,20.62,0.660680529300569,0.2232704402515726,0.30000000000000154
9.925,10.85,15.85,13.925,1429.47,19.73,20.86,0.009924385633272055,0.41509433962264164,0.6428571428571425
9.925,10.85,15.85,14.0,1453.32,19.97,20.89,0.5734877126654069,0.4905660377358487,0.685714285714287
9.925,10.85,15.85,14.075,1430.5,19.67,20.88,0.03426275992438676,0.39622641509434015,0.6714285714285705
9.925,10.85,15.85,14.15,1457.95,18.88,20.79,0.6828922495274133,0.14779874213836444,0.542857142857142
9.925,10.85,15.924999999999999,13.85,1456.98,19.02,20.59,0.6599716446124788,0.19182389937106903,0.257142857142857
9.925,10.85,15.924999999999999,13.925,1456.22,18.93,20.79,0.6420132325141804,0.16352201257861623,0.542857142857142
9.925,10.85,15.924999999999999,14.0,1432.92,19.51,20.83,0.09144612476370803,0.34591194968553507,0.599999999999998
9.925,10.85,15.924999999999999,14.075,1432.92,19.28,20.84,0.09144612476370803,0.2735849056603777,0.6142857142857145
9.925,10.85,15.924999999999999,14.15,1456.18,18.84,20.63,0.6410680529300603,0.13522012578616344,0.314285714285713
9.925,10.85,16.0,13.85,1452.36,19.63,20.63,0.5508034026465024,0.38364779874213806,0.314285714285713
9.925,10.85,16.0,13.925,1455.89,18.89,20.72,0.634215500945184,0.15094339622641526,0.4428571428571415
9.925,10.85,16.0,14.0,1458.51,18.86,20.62,0.6961247637051059,0.14150943396226395,0.30000000000000154
9.925,10.85,16.0,14.075,1456.14,18.83,20.68,0.6401228733459401,0.13207547169811265,0.3857142857142855
9.925,10.85,16.0,14.15,1438.42,19.36,20.66,0.22140831758034338,0.2987421383647797,0.3571428571428575
9.925,10.85,16.075,13.85,1456.88,18.82,20.53,0.6576086956521786,0.12893081761006295,0.171428571428573
9.925,10.85,16.075,13.925,1444.72,18.93,20.66,0.37027410207939737,0.16352201257861623,0.3571428571428575
9.925,10.85,16.075,14.0,1456.54,18.8,20.65,0.6495746691871468,0.12264150943396246,0.342857142857141
9.925,10.85,16.075,14.075,1429.66,19.35,20.77,0.014413988657848022,0.29559748427673,0.514285714285714
9.925,10.85,16.075,14.15,1431.86,19.24,20.72,0.06639886578449787,0.2610062893081756,0.4428571428571415
9.925,10.85,16.15,13.85,1454.9,18.8,20.51,0.6108223062381894,0.12264150943396246,0.14285714285714504
9.925,10.85,16.15,13.925,1444.92,18.86,20.72,0.37500000000000333,0.14150943396226395,0.4428571428571415
9.925,10.85,16.15,14.0,1445.68,18.81,20.61,0.39295841209830185,0.12578616352201213,0.285714285714285
9.925,10.85,16.15,14.075,1456.71,18.7,20.6,0.6535916824196627,0.09119496855345886,0.2714285714285735
9.925,10.85,16.15,14.15,1431.48,19.16,20.71,0.057419659735351306,0.23584905660377362,0.42857142857143005
9.925,10.925,15.85,13.85,1457.48,19.17,20.87,0.6717863894139912,0.2389937106918244,0.657142857142859
9.925,10.925,15.85,13.925,1432.49,19.96,20.93,0.08128544423440595,0.487421383647799,0.742857142857143
9.925,10.925,15.85,14.0,1462.24,19.24,20.7,0.7842627599243881,0.2610062893081756,0.4142857142857135
9.925,10.925,15.85,14.075,1460.31,19.35,20.69,0.7386578449905491,0.29559748427673,0.400000000000002
9.925,10.925,15.85,14.15,1449.37,19.78,20.64,0.48015122873345856,0.43081761006289343,0.3285714285714295
9.925,10.925,15.924999999999999,13.85,1439.15,19.18,20.73,0.2386578449905518,0.2421383647798741,0.457142857142858
9.925,10.925,15.924999999999999,13.925,1443.04,20.21,20.87,0.3305765595463145,0.5660377358490569,0.657142857142859
9.925,10.925,15.924999999999999,14.0,1462.27,19.25,20.69,0.7849716446124781,0.2641509433962264,0.400000000000002
9.925,10.925,15.924999999999999,14.075,1459.46,19.02,20.87,0.7185727788279803,0.19182389937106903,0.657142857142859
9.925,10.925,15.924999999999999,14.15,1449.31,19.64,20.66,0.4787334593572784,0.38679245283018887,0.3571428571428575
9.925,10.925,16.0,13.85,1433.48,19.57,20.9,0.10467863894140053,0.36477987421383656,0.6999999999999985
9.925,10.925,16.0,13.925,1447.95,19.52,20.87,0.4465973534971673,0.3490566037735848,0.657142857142859
9.925,10.925,16.0,14.0,1449.51,19.42,20.75,0.48345935727788436,0.3176100628930823,0.485714285714286
9.925,10.925,16.0,14.075,1432.51,19.59,20.74,0.08175803402646602,0.371069182389937,0.4714285714285695
9.925,10.925,16.0,14.15,1435.65,19.32,20.77,0.15595463137996565,0.28616352201257866,0.514285714285714
9.925,10.925,16.075,13.85,1438.44,18.97,20.69,0.22188090737240346,0.1761006289308172,0.400000000000002
9.925,10.925,16.075,13.925,1449.69,19.11,20.71,0.4877126654064303,0.2201257861635218,0.42857142857143005
9.925,10.925,16.075,14.0,1446.08,19.26,20.75,0.4024102079395085,0.2672955974842772,0.485714285714286
9.925,10.925,16.075,14.075,1435.28,19.21,20.73,0.14721172022684376,0.2515723270440254,0.457142857142858
9.925,10.925,16.075,14.15,1434.6,19.17,20.67,0.1311436672967855,0.2389937106918244,0.37142857142857405
9.925,10.925,16.15,13.85,1429.05,19.71,20.88,0.0,0.4088050314465411,0.6714285714285705
9.925,10.925,16.15,13.925,1447.96,19.01,20.63,0.44683364839319734,0.18867924528301933,0.314285714285713
9.925,10.925,16.15,14.0,1447.91,19.23,20.79,0.4456521739130472,0.2578616352201259,0.542857142857142
9.925,10.925,16.15,14.075,1447.46,19.17,20.68,0.435018903591685,0.2389937106918244,0.3857142857142855
9.925,10.925,16.15,14.15,1435.67,19.2,20.6,0.1564272211720257,0.2484276729559746,0.2714285714285735
9.925,11.0,15.85,13.85,1434.7,20.22,20.92,0.1335066162570912,0.5691823899371066,0.7285714285714315
9.925,11.0,15.85,13.925,1435.97,20.24,20.88,0.16351606805293203,0.5754716981132071,0.6714285714285705
9.925,11.0,15.85,14.0,1434.45,20.03,20.9,0.12759924385633503,0.5094339622641513,0.6999999999999985
9.925,11.0,15.85,14.075,1463.66,19.38,20.98,0.8178166351606848,0.30503144654088016,0.8142857142857155
9.925,11.0,15.85,14.15,1465.23,19.46,20.91,0.8549149338374319,0.3301886792452833,0.714285714285715
9.925,11.0,15.924999999999999,13.85,1443.33,19.45,20.81,0.33742911153119076,0.32704402515723247,0.57142857142857
9.925,11.0,15.924999999999999,13.925,1443.55,19.47,20.78,0.34262759924385683,0.333333333333333,0.5285714285714306
9.925,11.0,15.924999999999999,14.0,1435.03,20.16,20.88,0.1413043478260876,0.5503144654088051,0.6714285714285705
9.925,11.0,15.924999999999999,14.075,1462.68,19.17,20.93,0.7946597353497202,0.2389937106918244,0.742857142857143
9.925,11.0,15.924999999999999,14.15,1465.47,19.34,20.91,0.8605860113421581,0.2924528301886792,0.714285714285715
9.925,11.0,16.0,13.85,1460.82,18.61,20.69,0.7507088846880914,0.06289308176100607,0.400000000000002
9.925,11.0,16.0,13.925,1443.06,19.25,20.7,0.3310491493383746,0.2641509433962264,0.4142857142857135
9.925,11.0,16.0,14.0,1443.22,19.35,20.64,0.33482986767486045,0.29559748427673,0.3285714285714295
9.925,11.0,16.0,14.075,1449.51,19.54,20.55,0.48345935727788436,0.35534591194968523,0.200000000000001
9.925,11.0,16.0,14.15,1449.32,19.45,20.53,0.4789697542533084,0.32704402515723247,0.171428571428573
9.925,11.0,16.075,13.85,1444.51,19.16,20.67,0.36531190926276136,0.23584905660377362,0.37142857142857405
9.925,11.0,16.075,13.925,1460.58,18.71,20.69,0.7450378071833653,0.09433962264150966,0.400000000000002
9.925,11.0,16.075,14.0,1442.51,19.23,20.66,0.3180529300567121,0.2578616352201259,0.3571428571428575
9.925,11.0,16.075,14.075,1449.52,19.55,20.51,0.4836956521739144,0.35849056603773605,0.14285714285714504
9.925,11.0,16.075,14.15,1450.07,19.33,20.52,0.49669187145557686,0.28930817610062837,0.1571428571428565
9.925,11.0,16.15,13.85,1443.1,19.06,20.7,0.3319943289224947,0.20440251572327,0.4142857142857135
9.925,11.0,16.15,13.925,1442.57,19.03,20.65,0.3194706994328923,0.19496855345911981,0.342857142857141
9.925,11.0,16.15,14.0,1461.3,18.45,20.64,0.7620510396975437,0.012578616352200991,0.3285714285714295
9.925,11.0,16.15,14.075,1449.41,19.26,20.5,0.48109640831758405,0.2672955974842772,0.1285714285714285
9.925,11.0,16.15,14.15,1449.67,19.27,20.46,0.48724007561437027,0.2704402515723269,0.07142857142857252
9.925,11.075,15.85,13.85,1439.88,20.32,20.93,0.25590737240076017,0.6006289308176102,0.742857142857143
9.925,11.075,15.85,13.925,1439.28,20.26,20.87,0.24172967863894218,0.5817610062893087,0.657142857142859
9.925,11.075,15.85,14.0,1435.94,20.38,20.81,0.16280718336484193,0.6194968553459117,0.57142857142857
9.925,11.075,15.85,14.075,1437.63,20.57,20.86,0.2027410207939548,0.679245283018868,0.6428571428571425
9.925,11.075,15.85,14.15,1436.83,20.8,20.81,0.1838374291115308,0.7515723270440254,0.57142857142857
9.925,11.075,15.924999999999999,13.85,1439.47,20.19,20.86,0.24621928166351817,0.5597484276729564,0.6428571428571425
9.925,11.075,15.924999999999999,13.925,1439.97,20.1,20.89,0.2580340264650305,0.5314465408805036,0.685714285714287
9.925,11.075,15.924999999999999,14.0,1436.09,20.23,20.82,0.1663516068052924,0.5723270440251573,0.5857142857142865
9.925,11.075,15.924999999999999,14.075,1437.19,20.24,20.79,0.19234404536862268,0.5754716981132071,0.542857142857142
9.925,11.075,15.924999999999999,14.15,1445.61,20.17,20.66,0.39130434782608625,0.5534591194968559,0.3571428571428575
9.925,11.075,16.0,13.85,1444.24,19.66,20.73,0.35893194706994513,0.39308176100628933,0.457142857142858
9.925,11.075,16.0,13.925,1440.14,20.04,20.76,0.26205103969754634,0.512578616352201,0.5000000000000026
9.925,11.075,16.0,14.0,1437.23,20.01,20.79,0.1932892249527428,0.5031446540880508,0.542857142857142
9.925,11.075,16.0,14.075,1437.22,20.03,20.76,0.19305293005671278,0.5094339622641513,0.5000000000000026
9.925,11.075,16.0,14.15,1446.99,19.78,20.57,0.4239130434782628,0.43081761006289343,0.228571428571429
9.925,11.075,16.075,13.85,1445.18,19.52,20.74,0.38114366729678956,0.3490566037735848,0.4714285714285695
9.925,11.075,16.075,13.925,1446.14,19.35,20.67,0.40382797731569403,0.29559748427673,0.37142857142857405
9.925,11.075,16.075,14.0,1436.22,19.96,20.71,0.16942344045368818,0.487421383647799,0.42857142857143005
9.925,11.075,16.075,14.075,1437.3,19.75,20.68,0.19494328922495305,0.42138364779874216,0.3857142857142855
9.925,11.075,16.075,14.15,1447.18,19.56,20.54,0.42840264650283877,0.36163522012578575,0.18571428571428447
9.925,11.075,16.15,13.85,1462.69,18.89,20.7,0.7948960302457503,0.15094339622641526,0.4142857142857135
9.925,11.075,16.15,13.925,1446.69,19.27,20.66,0.4168241965973565,0.2704402515723269,0.3571428571428575
9.925,11.075,16.15,14.0,1448.67,19.13,20.53,0.46361058601134564,0.2264150943396223,0.171428571428573
9.925,11.075,16.15,14.075,1436.62,19.78,20.59,0.1788752362948948,0.43081761006289343,0.257142857142857
9.925,11.075,16.15,14.15,1447.37,19.33,20.56,0.43289224952740935,0.28930817610062837,0.21428571428571247
9.925,11.15,15.85,13.85,1440.74,20.37,20.8,0.276228733459359,0.6163522012578619,0.5571428571428585
9.925,11.15,15.85,13.925,1440.86,20.72,20.88,0.27906427221171937,0.7264150943396223,0.6714285714285705
9.925,11.15,15.85,14.0,1442.13,20.93,20.82,0.30907372400756555,0.7924528301886792,0.5857142857142865
9.925,11.15,15.85,14.075,1440.29,21.16,20.74,0.2655954631379968,0.8647798742138365,0.4714285714285695
9.925,11.15,15.85,14.15,1439.0,21.5,20.69,0.23511342155009596,0.9716981132075472,0.400000000000002
9.925,11.15,15.924999999999999,13.85,1442.23,20.4,20.88,0.31143667296786587,0.6257861635220121,0.6714285714285705
9.925,11.15,15.924999999999999,13.925,1439.95,20.4,20.8,0.2575614366729704,0.6257861635220121,0.5571428571428585
9.925,11.15,15.924999999999999,14.0,1442.33,20.74,20.82,0.3137996219281662,0.7327044025157228,0.5857142857142865
9.925,11.15,15.924999999999999,14.075,1440.33,20.94,20.7,0.26654064272211697,0.7955974842767299,0.4142857142857135
9.925,11.15,15.924999999999999,14.15,1437.85,21.23,20.68,0.2079395085066155,0.8867924528301888,0.3857142857142855
9.925,11.15,16.0,13.85,1448.93,19.74,20.64,0.4697542533081318,0.41823899371069134,0.3285714285714295
9.925,11.15,16.0,13.925,1440.26,20.25,20.78,0.26488657844990676,0.5786163522012578,0.5285714285714306
9.925,11.15,16.0,14.0,1450.63,19.89,20.63,0.5099243856332747,0.4654088050314467,0.314285714285713
9.925,11.15,16.0,14.075,1449.14,20.29,20.56,0.4747164461247679,0.5911949685534589,0.21428571428571247
9.925,11.15,16.0,14.15,1439.2,21.02,20.64,0.23983931947070194,0.820754716981132,0.3285714285714295
9.925,11.15,16.075,13.85,1440.97,20.06,20.73,0.28166351606805506,0.5188679245283014,0.457142857142858
9.925,11.15,16.075,13.925,1440.15,20.02,20.69,0.2622873345935764,0.5062893081761005,0.400000000000002
9.925,11.15,16.075,14.0,1443.05,20.22,20.71,0.33081285444234454,0.5691823899371066,0.42857142857143005
9.925,11.15,16.075,14.075,1449.73,20.08,20.53,0.4886578449905504,0.525157232704402,0.171428571428573
9.925,11.15,16.075,14.15,1451.78,20.12,20.5,0.5370982986767499,0.5377358490566041,0.1285714285714285
9.925,11.15,16.15,13.85,1451.15,19.47,20.59,0.5222117202268471,0.333333333333333,0.257142857142857
9.925,11.15,16.15,13.925,1439.95,19.87,20.62,0.2575614366729704,0.4591194968553462,0.30000000000000154
9.925,11.15,16.15,14.0,1441.38,20.05,20.63,0.2913516068052971,0.5157232704402518,0.314285714285713
9.925,11.15,16.15,14.075,1439.86,20.23,20.61,0.25543478260869473,0.5723270440251573,0.285714285714285
9.925,11.15,16.15,14.15,1439.59,20.64,20.54,0.24905482041587854,0.7012578616352203,0.18571428571428447
10.0,10.85,15.85,13.85,1455.63,19.22,20.57,0.6280718336483978,0.2547169811320751,0.228571428571429
10.0,10.85,15.85,13.925,1457.56,19.18,20.63,0.6736767485822315,0.2421383647798741,0.314285714285713
10.0,10.85,15.85,14.0,1461.84,18.9,20.65,0.7748109640831761,0.15408805031446493,0.342857142857141
10.0,10.85,15.85,14.075,1457.86,19.12,20.77,0.6807655954631378,0.2232704402515726,0.514285714285714
10.0,10.85,15.85,14.15,1440.5,19.86,20.8,0.2705576559546329,0.45597484276729544,0.5571428571428585
10.0,10.85,15.924999999999999,13.85,1457.3,19.19,20.64,0.6675330812854452,0.24528301886792492,0.3285714285714295
10.0,10.85,15.924999999999999,13.925,1458.08,19.12,20.64,0.6859640831758038,0.2232704402515726,0.3285714285714295
10.0,10.85,15.924999999999999,14.0,1460.0,18.85,20.61,0.7313327032136128,0.13836477987421425,0.285714285714285
10.0,10.85,15.924999999999999,14.075,1457.04,19.04,20.61,0.661389413988659,0.19811320754716952,0.285714285714285
10.0,10.85,15.924999999999999,14.15,1457.71,19.03,20.72,0.6772211720226873,0.19496855345911981,0.4428571428571415
10.0,10.85,16.0,13.85,1455.6,19.08,20.61,0.6273629489603023,0.2106918238993705,0.285714285714285
10.0,10.85,16.0,13.925,1456.03,19.0,20.62,0.6375236294896044,0.1855345911949685,0.30000000000000154
10.0,10.85,16.0,14.0,1458.11,19.05,20.72,0.6866729678638939,0.20125786163522033,0.4428571428571415
10.0,10.85,16.0,14.075,1457.12,19.06,20.66,0.6632797731568993,0.20440251572327,0.3571428571428575
10.0,10.85,16.0,14.15,1457.59,19.02,20.61,0.6743856332703215,0.19182389937106903,0.285714285714285
10.0,10.85,16.075,13.85,1430.71,19.56,20.94,0.039224952741022785,0.36163522012578575,0.7571428571428596
10.0,10.85,16.075,13.925,1445.29,19.46,20.77,0.38374291115311987,0.3301886792452833,0.514285714285714
10.0,10.85,16.075,14.0,1448.85,19.36,20.69,0.4678638941398862,0.2987421383647797,0.400000000000002
10.0,10.85,16.075,14.075,1447.2,19.4,20.63,0.4288752362948988,0.3113207547169807,0.314285714285713
10.0,10.85,16.075,14.15,1448.11,19.22,20.69,0.4503780718336478,0.2547169811320751,0.400000000000002
10.0,10.85,16.15,13.85,1451.53,19.37,20.81,0.5311909262759936,0.3018867924528305,0.57142857142857
10.0,10.85,16.15,13.925,1446.82,19.25,20.78,0.4198960302457469,0.2641509433962264,0.5285714285714306
10.0,10.85,16.15,14.0,1447.09,19.44,20.64,0.4262759924385631,0.32389937106918276,0.3285714285714295
10.0,10.85,16.15,14.075,1446.25,19.2,20.6,0.40642722117202434,0.2484276729559746,0.2714285714285735
10.0,10.85,16.15,14.15,1447.03,19.2,20.6,0.4248582230623829,0.2484276729559746,0.2714285714285735
10.0,10.925,15.85,13.85,1431.94,20.27,21.01,0.06828922495274349,0.5849056603773584,0.8571428571428601
10.0,10.925,15.85,13.925,1461.36,19.54,20.76,0.7634688090737238,0.35534591194968523,0.5000000000000026
10.0,10.925,15.85,14.0,1453.46,21.24,20.84,0.5767958412098326,0.8899371069182386,0.6142857142857145
10.0,10.925,15.85,14.075,1460.85,19.32,20.71,0.7514177693761815,0.28616352201257866,0.42857142857143005
10.0,10.925,15.85,14.15,1451.56,19.79,20.72,0.5318998109640838,0.43396226415094313,0.4428571428571415
10.0,10.925,15.924999999999999,13.85,1431.91,20.03,21.04,0.0675803402646534,0.5094339622641513,0.8999999999999995
10.0,10.925,15.924999999999999,13.925,1461.49,19.35,20.72,0.7665406427221196,0.29559748427673,0.4428571428571415
10.0,10.925,15.924999999999999,14.0,1462.32,19.25,20.71,0.7861531190926283,0.2641509433962264,0.42857142857143005
10.0,10.925,15.924999999999999,14.075,1451.91,19.52,20.8,0.5401701323251455,0.3490566037735848,0.5571428571428585
10.0,10.925,15.924999999999999,14.15,1436.5,19.57,20.81,0.17603969754253443,0.36477987421383656,0.57142857142857
10.0,10.925,16.0,13.85,1430.3,20.06,20.97,0.029536862003780764,0.5188679245283014,0.7999999999999989
10.0,10.925,16.0,13.925,1461.32,19.24,20.73,0.7625236294896037,0.2610062893081756,0.457142857142858
10.0,10.925,16.0,14.0,1433.52,19.82,20.88,0.10562381852552065,0.4433962264150944,0.6714285714285705
10.0,10.925,16.0,14.075,1433.65,19.59,20.87,0.10869565217391643,0.371069182389937,0.657142857142859
10.0,10.925,16.0,14.15,1456.21,19.13,20.71,0.6417769376181504,0.2264150943396223,0.42857142857143005
10.0,10.925,16.075,13.85,1431.08,19.77,20.94,0.04796786389413931,0.4276729559748426,0.7571428571428596
10.0,10.925,16.075,13.925,1450.32,19.6,20.72,0.502599243856333,0.37421383647798784,0.4428571428571415
10.0,10.925,16.075,14.0,1452.25,19.47,20.7,0.548204158790172,0.333333333333333,0.4142857142857135
10.0,10.925,16.075,14.075,1434.57,19.4,20.87,0.13043478260869543,0.3113207547169807,0.657142857142859
10.0,10.925,16.075,14.15,1450.04,19.41,20.58,0.4959829867674868,0.3144654088050315,0.24285714285714047
10.0,10.925,16.15,13.85,1429.7,19.75,20.88,0.015359168241968146,0.42138364779874216,0.6714285714285705
10.0,10.925,16.15,13.925,1445.65,19.42,20.71,0.39224952741021174,0.3176100628930823,0.42857142857143005
10.0,10.925,16.15,14.0,1451.34,19.49,20.65,0.5267013232514177,0.33962264150943344,0.342857142857141
10.0,10.925,16.15,14.075,1434.49,19.41,20.81,0.12854442344045516,0.3144654088050315,0.57142857142857
10.0,10.925,16.15,14.15,1435.47,19.19,20.72,0.15170132325141972,0.24528301886792492,0.4428571428571415
10.0,11.0,15.85,13.85,1462.11,19.0,20.81,0.7811909262759923,0.1855345911949685,0.57142857142857
10.0,11.0,15.85,13.925,1451.84,20.06,20.96,0.53851606805293,0.5188679245283014,0.7857142857142875
10.0,11.0,15.85,14.0,1445.23,19.65,20.79,0.3823251417769397,0.3899371069182385,0.542857142857142
10.0,11.0,15.85,14.075,1455.96,19.94,20.66,0.6358695652173942,0.4811320754716985,0.3571428571428575
10.0,11.0,15.85,14.15,1466.83,19.54,20.85,0.8927221172022691,0.35534591194968523,0.628571428571431
10.0,11.0,15.924999999999999,13.85,1444.69,19.5,20.78,0.36956521739130727,0.34276729559748426,0.5285714285714306
10.0,11.0,15.924999999999999,13.925,1438.09,19.81,20.83,0.2136105860113416,0.4402515723270436,0.599999999999998
10.0,11.0,15.924999999999999,14.0,1444.81,19.4,20.75,0.37240075614366763,0.3113207547169807,0.485714285714286
10.0,11.0,15.924999999999999,14.075,1465.14,19.38,20.6,0.8527882797731616,0.30503144654088016,0.2714285714285735
10.0,11.0,15.924999999999999,14.15,1465.21,19.13,20.82,0.8544423440453719,0.2264150943396223,0.5857142857142865
10.0,11.0,16.0,13.85,1443.87,19.71,20.8,0.3501890359168232,0.4088050314465411,0.5571428571428585
10.0,11.0,16.0,13.925,1443.84,19.38,20.8,0.3494801512287331,0.30503144654088016,0.5571428571428585
10.0,11.0,16.0,14.0,1463.4,18.81,20.74,0.8116729678638985,0.12578616352201213,0.4714285714285695
10.0,11.0,16.0,14.075,1455.14,19.53,20.81,0.6164933837429155,0.3522012578616356,0.57142857142857
10.0,11.0,16.0,14.15,1455.61,19.57,20.64,0.6275992438563324,0.36477987421383656,0.3285714285714295
10.0,11.0,16.075,13.85,1434.46,19.93,20.89,0.12783553875236509,0.4779874213836477,0.685714285714287
10.0,11.0,16.075,13.925,1445.46,19.33,20.73,0.3877599243856358,0.28930817610062837,0.457142857142858
10.0,11.0,16.075,14.0,1445.15,19.22,20.78,0.38043478260869945,0.2547169811320751,0.5285714285714306
10.0,11.0,16.075,14.075,1447.33,19.3,20.67,0.43194706994328924,0.2798742138364782,0.37142857142857405
10.0,11.0,16.075,14.15,1463.63,18.99,20.59,0.8171077504725947,0.18238993710691773,0.257142857142857
10.0,11.0,16.15,13.85,1444.2,19.35,20.74,0.357986767485825,0.29559748427673,0.4714285714285695
10.0,11.0,16.15,13.925,1445.28,19.25,20.72,0.38350661625708987,0.2641509433962264,0.4428571428571415
10.0,11.0,16.15,14.0,1445.29,19.14,20.72,0.38374291115311987,0.2295597484276731,0.4428571428571415
10.0,11.0,16.15,14.075,1450.06,19.41,20.52,0.49645557655954686,0.3144654088050315,0.1571428571428565
10.0,11.0,16.15,14.15,1460.82,19.17,20.69,0.7507088846880914,0.2389937106918244,0.400000000000002
10.0,11.075,15.85,13.85,1440.51,20.34,21.01,0.2707939508506629,0.6069182389937107,0.8571428571428601
10.0,11.075,15.85,13.925,1441.25,20.29,20.9,0.28827977315690134,0.5911949685534589,0.6999999999999985
10.0,11.075,15.85,14.0,1438.03,20.32,20.92,0.21219281663516143,0.6006289308176102,0.7285714285714315
10.0,11.075,15.85,14.075,1439.44,20.41,20.88,0.24551039697542806,0.628930817610063,0.6714285714285705
10.0,11.075,15.85,14.15,1437.82,20.6,20.8,0.2072306238185254,0.6886792452830194,0.5571428571428585
10.0,11.075,15.924999999999999,13.85,1445.96,19.81,20.82,0.39957466918714807,0.4402515723270436,0.5857142857142865
10.0,11.075,15.924999999999999,13.925,1440.22,20.07,20.85,0.2639413988657866,0.5220125786163523,0.628571428571431
10.0,11.075,15.924999999999999,14.0,1437.28,20.22,20.83,0.19447069943289297,0.5691823899371066,0.599999999999998
10.0,11.075,15.924999999999999,14.075,1437.93,20.13,20.82,0.20982986767486111,0.5408805031446537,0.5857142857142865
10.0,11.075,15.924999999999999,14.15,1439.18,20.41,20.83,0.2393667296786419,0.628930817610063,0.599999999999998
10.0,11.075,16.0,13.85,1465.35,19.16,20.82,0.8577504725897923,0.23584905660377362,0.5857142857142865
10.0,11.075,16.0,13.925,1448.46,19.59,20.74,0.4586483931947096,0.371069182389937,0.4714285714285695
10.0,11.075,16.0,14.0,1449.21,19.49,20.68,0.4763705103969781,0.33962264150943344,0.3857142857142855
10.0,11.075,16.0,14.075,1437.45,19.98,20.74,0.19848771266540888,0.4937106918238995,0.4714285714285695
10.0,11.075,16.0,14.15,1446.9,19.82,20.56,0.4217863894139925,0.4433962264150944,0.21428571428571247
10.0,11.075,16.075,13.85,1440.55,20.0,20.82,0.27173913043478304,0.5,0.5857142857142865
10.0,11.075,16.075,13.925,1466.5,18.98,20.8,0.8849243856332727,0.17924528301886802,0.5571428571428585
10.0,11.075,16.075,14.0,1448.71,19.31,20.7,0.4645557655954658,0.2830188679245279,0.4142857142857135
10.0,11.075,16.075,14.075,1448.82,19.27,20.65,0.4671550094517961,0.2704402515723269,0.342857142857141
10.0,11.075,16.075,14.15,1446.53,19.51,20.63,0.4130434782608706,0.34591194968553507,0.314285714285713
10.0,11.075,16.15,13.85,1446.32,19.35,20.76,0.4080812854442346,0.29559748427673,0.5000000000000026
10.0,11.075,16.15,13.925,1448.59,19.3,20.64,0.46172022684310005,0.2798742138364782,0.3285714285714295
10.0,11.075,16.15,14.0,1467.31,18.58,20.58,0.9040642722117214,0.05345911949685477,0.24285714285714047
10.0,11.075,16.15,14.075,1448.48,19.12,20.58,0.4591209829867697,0.2232704402515726,0.24285714285714047
10.0,11.075,16.15,14.15,1446.26,19.38,20.55,0.4066635160680544,0.30503144654088016,0.200000000000001
10.0,11.15,15.85,13.85,1443.61,20.49,20.93,0.34404536862003704,0.6540880503144649,0.742857142857143
10.0,11.15,15.85,13.925,1468.59,20.33,20.61,0.9343100189035922,0.6037735849056598,0.285714285714285
10.0,11.15,15.85,14.0,1443.85,20.89,20.85,0.34971644612476316,0.7798742138364781,0.628571428571431
10.0,11.15,15.85,14.075,1457.67,20.98,20.86,0.6762759924385672,0.808176100628931,0.6428571428571425
10.0,11.15,15.85,14.15,1454.91,21.13,20.77,0.6110586011342194,0.8553459119496852,0.514285714285714
10.0,11.15,15.924999999999999,13.85,1443.6,20.39,20.87,0.343809073724007,0.6226415094339625,0.657142857142859
10.0,11.15,15.924999999999999,13.925,1455.91,20.22,20.83,0.6346880907372441,0.5691823899371066,0.599999999999998
10.0,11.15,15.924999999999999,14.0,1443.53,20.68,20.84,0.3421550094517968,0.7138364779874213,0.6142857142857145
10.0,11.15,15.924999999999999,14.075,1456.82,20.69,20.77,0.656190926275993,0.7169811320754721,0.514285714285714
10.0,11.15,15.924999999999999,14.15,1454.6,20.95,20.7,0.6037334593572777,0.7987421383647797,0.4142857142857135
10.0,11.15,16.0,13.85,1450.29,19.72,20.72,0.501890359168243,0.4119496855345908,0.4428571428571415
10.0,11.15,16.0,13.925,1456.77,19.99,20.78,0.6550094517958428,0.4968553459119492,0.5285714285714306
10.0,11.15,16.0,14.0,1442.37,20.42,20.76,0.3147448015122863,0.6320754716981137,0.5000000000000026
10.0,11.15,16.0,14.075,1450.33,20.25,20.61,0.5028355387523631,0.5786163522012578,0.285714285714285
10.0,11.15,16.0,14.15,1451.85,20.35,20.55,0.53875236294896,0.6100628930817614,0.200000000000001
10.0,11.15,16.075,13.85,1450.33,19.67,20.78,0.5028355387523631,0.39622641509434015,0.5285714285714306
10.0,11.15,16.075,13.925,1450.99,19.6,20.68,0.5184310018903613,0.37421383647798784,0.3857142857142855
10.0,11.15,16.075,14.0,1442.62,20.15,20.67,0.32065217391304246,0.5471698113207543,0.37142857142857405
10.0,11.15,16.075,14.075,1450.62,19.99,20.58,0.5096880907372393,0.4968553459119492,0.24285714285714047
10.0,11.15,16.075,14.15,1454.09,20.55,20.63,0.5916824196597353,0.6729559748427675,0.314285714285713
10.0,11.15,16.15,13.85,1467.2,19.03,20.63,0.901465028355391,0.19496855345911981,0.314285714285713
10.0,11.15,16.15,13.925,1449.61,19.31,20.53,0.4858223062381847,0.2830188679245279,0.171428571428573
10.0,11.15,16.15,14.0,1450.65,19.53,20.55,0.5103969754253348,0.3522012578616356,0.200000000000001
10.0,11.15,16.15,14.075,1449.58,19.78,20.53,0.4851134215500946,0.43081761006289343,0.171428571428573
10.0,11.15,16.15,14.15,1451.71,19.81,20.47,0.5354442344045396,0.4402515723270436,0.08571428571428398
10.075,10.85,15.85,13.85,1458.28,19.42,20.62,0.6906899810964098,0.3176100628930823,0.30000000000000154
10.075,10.85,15.85,13.925,1458.46,19.5,20.88,0.6949432892249557,0.34276729559748426,0.6714285714285705
10.075,10.85,15.85,14.0,1463.8,19.43,20.82,0.8211247637051052,0.32075471698113195,0.5857142857142865
10.075,10.85,15.85,14.075,1458.3,19.06,20.75,0.6911625708884699,0.20440251572327,0.485714285714286
10.075,10.85,15.85,14.15,1460.04,18.98,20.82,0.7322778827977329,0.17924528301886802,0.5857142857142865
10.075,10.85,15.924999999999999,13.85,1447.9,19.61,20.97,0.4454158790170171,0.37735849056603754,0.7999999999999989
10.075,10.85,15.924999999999999,13.925,1447.68,19.67,20.89,0.44021739130435106,0.39622641509434015,0.685714285714287
10.075,10.85,15.924999999999999,14.0,1463.96,19.08,20.64,0.8249054820415911,0.2106918238993705,0.3285714285714295
10.075,10.85,15.924999999999999,14.075,1459.11,19.06,20.74,0.7103024574669184,0.20440251572327,0.4714285714285695
10.075,10.85,15.924999999999999,14.15,1459.1,18.81,20.74,0.7100661625708885,0.12578616352201213,0.4714285714285695
10.075,10.85,16.0,13.85,1447.45,19.77,20.88,0.434782608695655,0.4276729559748426,0.6714285714285705
10.075,10.85,16.0,13.925,1447.43,19.63,20.88,0.43431001890359494,0.38364779874213806,0.6714285714285705
10.075,10.85,16.0,14.0,1462.46,18.89,20.69,0.7894612476370542,0.15094339622641526,0.400000000000002
10.075,10.85,16.0,14.075,1448.28,19.56,20.74,0.45439508506616366,0.36163522012578575,0.4714285714285695
10.075,10.85,16.0,14.15,1461.2,19.89,20.71,0.7596880907372434,0.4654088050314467,0.42857142857143005
10.075,10.85,16.075,13.85,1457.36,19.11,20.62,0.6689508506616254,0.2201257861635218,0.30000000000000154
10.075,10.85,16.075,13.925,1457.93,19.2,20.63,0.6824196597353533,0.2484276729559746,0.314285714285713
10.075,10.85,16.075,14.0,1448.94,19.53,20.84,0.46999054820416186,0.3522012578616356,0.6142857142857145
10.075,10.85,16.075,14.075,1458.87,18.91,20.73,0.7046313799621924,0.15723270440251574,0.457142857142858
10.075,10.85,16.075,14.15,1447.86,19.41,20.67,0.44447069943289164,0.3144654088050315,0.37142857142857405
10.075,10.85,16.15,13.85,1447.29,19.41,20.93,0.4310018903591691,0.3144654088050315,0.742857142857143
10.075,10.85,16.15,13.925,1431.03,19.58,20.86,0.04678638941398916,0.36792452830188627,0.6428571428571425
10.075,10.85,16.15,14.0,1448.93,19.56,20.71,0.4697542533081318,0.36163522012578575,0.42857142857143005
10.075,10.85,16.15,14.075,1431.86,19.51,20.82,0.06639886578449787,0.34591194968553507,0.5857142857142865
10.075,10.85,16.15,14.15,1447.36,19.33,20.59,0.43265595463137935,0.28930817610062837,0.257142857142857
10.075,10.925,15.85,13.85,1462.13,19.71,20.88,0.7816635160680577,0.4088050314465411,0.6714285714285705
10.075,10.925,15.85,13.925,1465.73,19.55,20.91,0.8667296786389442,0.35849056603773605,0.714285714285715
10.075,10.925,15.85,14.0,1451.88,19.56,20.82,0.5394612476370555,0.36163522012578575,0.5857142857142865
10.075,10.925,15.85,14.075,1451.11,19.64,20.77,0.5212665406427216,0.38679245283018887,0.514285714285714
10.075,10.925,15.85,14.15,1462.74,19.76,20.96,0.7960775047259004,0.4245283018867929,0.7857142857142875
10.075,10.925,15.924999999999999,13.85,1433.5,19.86,21.04,0.10515122873346058,0.45597484276729544,0.8999999999999995
10.075,10.925,15.924999999999999,13.925,1460.61,19.3,20.74,0.7457466918714554,0.2798742138364782,0.4714285714285695
10.075,10.925,15.924999999999999,14.0,1463.06,19.12,20.85,0.8036389413988668,0.2232704402515726,0.628571428571431
10.075,10.925,15.924999999999999,14.075,1450.36,19.34,20.82,0.5035444234404531,0.2924528301886792,0.5857142857142865
10.075,10.925,15.924999999999999,14.15,1464.4,18.92,20.88,0.8353024574669232,0.16037735849056656,0.6714285714285705
10.075,10.925,16.0,13.85,1431.72,19.94,20.98,0.06309073724007742,0.4811320754716985,0.8142857142857155
10.075,10.925,16.0,13.925,1462.09,19.14,20.69,0.7807183364839323,0.2295597484276731,0.400000000000002
10.075,10.925,16.0,14.0,1463.32,19.21,20.83,0.809782608695653,0.2515723270440254,0.599999999999998
10.075,10.925,16.0,14.075,1461.14,18.94,20.86,0.7582703213610632,0.16666666666666705,0.6428571428571425
10.075,10.925,16.0,14.15,1463.8,18.89,20.89,0.8211247637051052,0.15094339622641526,0.685714285714287
10.075,10.925,16.075,13.85,1432.79,19.86,21.01,0.08837429111531225,0.45597484276729544,0.8571428571428601
10.075,10.925,16.075,13.925,1458.1,19.12,20.71,0.6864366729678638,0.2232704402515726,0.42857142857143005
10.075,10.925,16.075,14.0,1452.24,19.62,20.74,0.547967863894142,0.38050314465408835,0.4714285714285695
10.075,10.925,16.075,14.075,1464.37,20.2,20.71,0.8345935727788277,0.562893081761006,0.42857142857143005
10.075,10.925,16.075,14.15,1467.72,19.09,20.61,0.9137523629489634,0.2138364779874213,0.285714285714285
10.075,10.925,16.15,13.85,1431.16,19.88,20.96,0.04985822306238494,0.4622641509433959,0.7857142857142875
10.075,10.925,16.15,13.925,1450.78,19.65,20.84,0.5134688090737252,0.3899371069182385,0.6142857142857145
10.075,10.925,16.15,14.0,1451.96,19.56,20.64,0.5413516068052957,0.36163522012578575,0.3285714285714295
10.075,10.925,16.15,14.075,1434.85,19.49,20.84,0.13705103969754168,0.33962264150943344,0.6142857142857145
10.075,10.925,16.15,14.15,1463.58,19.97,20.57,0.8159262759924392,0.4905660377358487,0.228571428571429
10.075,11.0,15.85,13.85,1441.56,20.23,20.78,0.29560491493383767,0.5723270440251573,0.5285714285714306
10.075,11.0,15.85,13.925,1441.88,20.21,20.82,0.3031663516068094,0.5660377358490569,0.5857142857142865
10.075,11.0,15.85,14.0,1437.37,19.98,20.72,0.19659735349716326,0.4937106918238995,0.4428571428571415
10.075,11.0,15.85,14.075,1464.78,19.38,21.01,0.8442816635160697,0.30503144654088016,0.8571428571428601
10.075,11.0,15.85,14.15,1467.47,19.45,20.98,0.9078449905482072,0.32704402515723247,0.8142857142857155
10.075,11.0,15.924999999999999,13.85,1436.42,20.07,20.84,0.17414933837429417,0.5220125786163523,0.6142857142857145
10.075,11.0,15.924999999999999,13.925,1437.56,20.02,20.86,0.20108695652173922,0.5062893081761005,0.6428571428571425
10.075,11.0,15.924999999999999,14.0,1435.82,19.86,20.85,0.15997164461247618,0.45597484276729544,0.628571428571431
10.075,11.0,15.924999999999999,14.075,1465.27,20.13,20.9,0.855860113421552,0.5408805031446537,0.6999999999999985
10.075,11.0,15.924999999999999,14.15,1466.96,19.22,20.91,0.8957939508506649,0.2547169811320751,0.714285714285715
10.075,11.0,16.0,13.85,1459.77,19.71,20.83,0.7258979206049166,0.4088050314465411,0.599999999999998
10.075,11.0,16.0,13.925,1464.23,19.53,20.81,0.8312854442344073,0.3522012578616356,0.57142857142857
10.075,11.0,16.0,14.0,1464.76,19.4,20.77,0.8438090737240097,0.3113207547169807,0.514285714285714
10.075,11.0,16.0,14.075,1463.63,19.14,20.92,0.8171077504725947,0.2295597484276731,0.7285714285714315
10.075,11.0,16.0,14.15,1462.11,19.75,20.84,0.7811909262759923,0.42138364779874216,0.6142857142857145
10.075,11.0,16.075,13.85,1437.64,20.0,20.96,0.20297731568998484,0.5,0.7857142857142875
10.075,11.0,16.075,13.925,1464.34,19.25,20.93,0.8338846880907377,0.2641509433962264,0.742857142857143
10.075,11.0,16.075,14.0,1465.39,19.21,20.73,0.8586956521739177,0.2515723270440254,0.457142857142858
10.075,11.0,16.075,14.075,1464.58,18.98,21.01,0.8395557655954637,0.17924528301886802,0.8571428571428601
10.075,11.0,16.075,14.15,1465.49,18.96,20.88,0.8610586011342181,0.17295597484276753,0.6714285714285705
10.075,11.0,16.15,13.85,1445.48,19.53,20.77,0.38823251417769583,0.3522012578616356,0.514285714285714
10.075,11.0,16.15,13.925,1436.47,19.72,20.86,0.17533081285444432,0.4119496855345908,0.6428571428571425
10.075,11.0,16.15,14.0,1463.61,19.25,20.69,0.8166351606805292,0.2641509433962264,0.400000000000002
10.075,11.0,16.15,14.075,1463.78,18.88,20.81,0.8206521739130451,0.14779874213836444,0.57142857142857
10.075,11.0,16.15,14.15,1470.15,18.89,20.56,0.9711720226843147,0.15094339622641526,0.21428571428571247
10.075,11.075,15.85,13.85,1454.26,20.88,20.74,0.5956994328922512,0.7767295597484274,0.4714285714285695
10.075,11.075,15.85,13.925,1442.02,20.15,20.78,0.30647448015122986,0.5471698113207543,0.5285714285714306
10.075,11.075,15.85,14.0,1466.68,19.81,20.68,0.8891776937618187,0.4402515723270436,0.3857142857142855
10.075,11.075,15.85,14.075,1468.97,20.02,20.67,0.9432892249527441,0.5062893081761005,0.37142857142857405
10.075,11.075,15.85,14.15,1469.24,20.22,20.65,0.9496691871455604,0.5691823899371066,0.342857142857141
10.075,11.075,15.924999999999999,13.85,1455.65,20.17,20.85,0.6285444234404578,0.5534591194968559,0.628571428571431
10.075,11.075,15.924999999999999,13.925,1453.81,20.66,20.73,0.5850661625708892,0.7075471698113208,0.457142857142858
10.075,11.075,15.924999999999999,14.0,1438.53,20.13,20.81,0.22400756143667375,0.5408805031446537,0.57142857142857
10.075,11.075,15.924999999999999,14.075,1439.13,20.07,20.75,0.23818525519849174,0.5220125786163523,0.485714285714286
10.075,11.075,15.924999999999999,14.15,1438.76,20.3,20.69,0.2294423440453698,0.5943396226415096,0.400000000000002
10.075,11.075,16.0,13.85,1455.14,20.09,20.86,0.6164933837429155,0.5283018867924528,0.6428571428571425
10.075,11.075,16.0,13.925,1456.7,19.8,20.8,0.6533553875236326,0.43710691823899395,0.5571428571428585
10.075,11.075,16.0,14.0,1451.22,20.47,20.73,0.5238657844990573,0.6477987421383644,0.457142857142858
10.075,11.075,16.0,14.075,1438.66,19.89,20.74,0.22707939508506952,0.4654088050314467,0.4714285714285695
10.075,11.075,16.0,14.15,1439.04,20.12,20.71,0.23605860113421606,0.5377358490566041,0.42857142857143005
10.075,11.075,16.075,13.85,1451.52,19.68,20.76,0.5309546313799637,0.39937106918238985,0.5000000000000026
10.075,11.075,16.075,13.925,1453.45,19.64,20.65,0.5765595463138027,0.38679245283018887,0.342857142857141
10.075,11.075,16.075,14.0,1453.27,19.53,20.64,0.5723062381852567,0.3522012578616356,0.3285714285714295
10.075,11.075,16.075,14.075,1462.83,19.9,20.81,0.7982041587901707,0.4685534591194964,0.57142857142857
10.075,11.075,16.075,14.15,1468.33,19.65,20.57,0.928166351606806,0.3899371069182385,0.228571428571429
10.075,11.075,16.15,13.85,1451.29,19.61,20.74,0.5255198487712676,0.37735849056603754,0.4714285714285695
10.075,11.075,16.15,13.925,1453.45,19.41,20.67,0.5765595463138027,0.3144654088050315,0.37142857142857405
10.075,11.075,16.15,14.0,1454.2,19.48,20.62,0.5942816635160711,0.33647798742138374,0.30000000000000154
10.075,11.075,16.15,14.075,1456.17,19.41,20.52,0.6408317580340303,0.3144654088050315,0.1571428571428565
10.075,11.075,16.15,14.15,1462.87,19.7,20.73,0.7991493383742908,0.4056603773584903,0.457142857142858
10.075,11.15,15.85,13.85,1459.03,20.4,20.79,0.7084120982986782,0.6257861635220121,0.542857142857142
10.075,11.15,15.85,13.925,1457.57,20.39,20.7,0.6739130434782614,0.6226415094339625,0.4142857142857135
10.075,11.15,15.85,14.0,1468.0,20.59,20.66,0.9203686200378096,0.6855345911949685,0.3571428571428575
10.075,11.15,15.85,14.075,1443.28,21.01,20.68,0.33624763705104066,0.8176100628930822,0.3857142857142855
10.075,11.15,15.85,14.15,1442.67,21.26,20.63,0.321833648393198,0.8962264150943402,0.314285714285713
10.075,11.15,15.924999999999999,13.85,1459.15,20.26,20.81,0.711247637051044,0.5817610062893087,0.57142857142857
10.075,11.15,15.924999999999999,13.925,1456.79,20.29,20.82,0.6554820415879029,0.5911949685534589,0.5857142857142865
10.075,11.15,15.924999999999999,14.0,1455.84,20.51,20.65,0.6330340264650285,0.6603773584905666,0.342857142857141
10.075,11.15,15.924999999999999,14.075,1457.13,20.49,20.64,0.6635160680529347,0.6540880503144649,0.3285714285714295
10.075,11.15,15.924999999999999,14.15,1470.88,20.87,20.5,0.9884215500945231,0.7735849056603777,0.1285714285714285
10.075,11.15,16.0,13.85,1458.64,20.08,20.74,0.6991965973535017,0.525157232704402,0.4714285714285695
10.075,11.15,16.0,13.925,1457.04,20.03,20.76,0.661389413988659,0.5094339622641513,0.5000000000000026
10.075,11.15,16.0,14.0,1458.67,20.14,20.74,0.6999054820415918,0.5440251572327046,0.4714285714285695
10.075,11.15,16.0,14.075,1455.32,20.45,20.55,0.620746691871456,0.6415094339622639,0.200000000000001
10.075,11.15,16.0,14.15,1469.08,20.54,20.41,0.9458884688090745,0.6698113207547167,0.0
10.075,11.15,16.075,13.85,1457.98,20.05,20.85,0.6836011342155035,0.5157232704402518,0.628571428571431
10.075,11.15,16.075,13.925,1452.56,20.2,20.79,0.5555293005671084,0.562893081761006,0.542857142857142
10.075,11.15,16.075,14.0,1455.4,20.01,20.58,0.6226370510397017,0.5031446540880508,0.24285714285714047
10.075,11.15,16.075,14.075,1455.98,20.17,20.55,0.6363421550094542,0.5534591194968559,0.200000000000001
10.075,11.15,16.075,14.15,1457.83,20.46,20.47,0.6800567107750476,0.6446540880503148,0.08571428571428398
10.075,11.15,16.15,13.85,1454.49,19.7,20.64,0.6011342155009474,0.4056603773584903,0.3285714285714295
10.075,11.15,16.15,13.925,1456.01,19.61,20.56,0.6370510396975444,0.37735849056603754,0.21428571428571247
10.075,11.15,16.15,14.0,1450.02,20.08,20.71,0.4955103969754267,0.525157232704402,0.42857142857143005
10.075,11.15,16.15,14.075,1455.35,20.11,20.54,0.6214555765595462,0.5345911949685532,0.18571428571428447
10.075,11.15,16.15,14.15,1455.95,20.12,20.41,0.6356332703213642,0.5377358490566041,0.0
10.15,10.85,15.85,13.85,1458.89,19.33,21.11,0.7051039697542578,0.28930817610062837,1.0
10.15,10.85,15.85,13.925,1466.13,19.84,20.87,0.8761814744801562,0.4496855345911949,0.657142857142859
10.15,10.85,15.85,14.0,1463.96,19.64,20.82,0.8249054820415911,0.38679245283018887,0.5857142857142865
10.15,10.85,15.85,14.075,1467.18,19.24,20.83,0.900992438563331,0.2610062893081756,0.599999999999998
10.15,10.85,15.85,14.15,1466.0,19.31,20.74,0.8731096408317605,0.2830188679245279,0.4714285714285695
10.15,10.85,15.924999999999999,13.85,1458.4,19.57,20.62,0.6935255198487755,0.36477987421383656,0.30000000000000154
10.15,10.85,15.924999999999999,13.925,1459.23,19.34,20.67,0.7131379962192842,0.2924528301886792,0.37142857142857405
10.15,10.85,15.924999999999999,14.0,1463.01,19.09,20.64,0.8024574669187167,0.2138364779874213,0.3285714285714295
10.15,10.85,15.924999999999999,14.075,1458.04,19.14,20.78,0.6850189035916837,0.2295597484276731,0.5285714285714306
10.15,10.85,15.924999999999999,14.15,1460.92,18.89,20.79,0.7530718336483971,0.15094339622641526,0.542857142857142
10.15,10.85,16.0,13.85,1447.46,19.83,20.92,0.435018903591685,0.4465408805031441,0.7285714285714315
10.15,10.85,16.0,13.925,1432.85,19.8,20.99,0.08979206049149245,0.43710691823899395,0.828571428571427
10.15,10.85,16.0,14.0,1459.23,19.35,20.84,0.7131379962192842,0.29559748427673,0.6142857142857145
10.15,10.85,16.0,14.075,1458.63,19.04,20.76,0.6989603024574716,0.19811320754716952,0.5000000000000026
10.15,10.85,16.0,14.15,1464.9,19.13,20.72,0.8471172022684355,0.2264150943396223,0.4428571428571415
10.15,10.85,16.075,13.85,1447.94,19.69,20.88,0.44636105860113723,0.40251572327044066,0.6714285714285705
10.15,10.85,16.075,13.925,1448.15,19.65,20.91,0.4513232514177733,0.3899371069182385,0.714285714285715
10.15,10.85,16.075,14.0,1449.88,19.76,20.8,0.4922022684310063,0.4245283018867929,0.5571428571428585
10.15,10.85,16.075,14.075,1448.19,19.54,20.73,0.4522684310018934,0.35534591194968523,0.457142857142858
10.15,10.85,16.075,14.15,1460.16,18.83,20.76,0.7351134215500986,0.13207547169811265,0.5000000000000026
10.15,10.85,16.15,13.85,1447.31,19.74,20.89,0.4314744801512292,0.41823899371069134,0.685714285714287
10.15,10.85,16.15,13.925,1447.93,19.64,20.85,0.44612476370510723,0.38679245283018887,0.628571428571431
10.15,10.85,16.15,14.0,1449.32,19.49,20.74,0.4789697542533084,0.33962264150943344,0.4714285714285695
10.15,10.85,16.15,14.075,1448.03,19.52,20.72,0.44848771266540755,0.3490566037735848,0.4428571428571415
10.15,10.85,16.15,14.15,1459.36,18.75,20.64,0.7162098298676747,0.10691823899371065,0.3285714285714295
10.15,10.925,15.85,13.85,1462.77,19.77,20.85,0.7967863894139905,0.4276729559748426,0.628571428571431
10.15,10.925,15.85,13.925,1467.35,19.73,20.91,0.9050094517958415,0.41509433962264164,0.714285714285715
10.15,10.925,15.85,14.0,1467.45,19.58,20.77,0.9073724007561472,0.36792452830188627,0.514285714285714
10.15,10.925,15.85,14.075,1468.46,19.62,20.8,0.9312381852552019,0.38050314465408835,0.5571428571428585
10.15,10.925,15.85,14.15,1469.86,19.43,20.75,0.964319470699433,0.32075471698113195,0.485714285714286
10.15,10.925,15.924999999999999,13.85,1433.62,20.14,20.94,0.10798676748582096,0.5440251572327046,0.7571428571428596
10.15,10.925,15.924999999999999,13.925,1460.37,19.41,20.75,0.7400756143667293,0.3144654088050315,0.485714285714286
10.15,10.925,15.924999999999999,14.0,1468.21,19.37,20.78,0.9253308128544456,0.3018867924528305,0.5285714285714306
10.15,10.925,15.924999999999999,14.075,1462.5,19.22,20.89,0.7904064272211743,0.2547169811320751,0.685714285714287
10.15,10.925,15.924999999999999,14.15,1463.5,19.02,20.9,0.8140359168241988,0.19182389937106903,0.6999999999999985
10.15,10.925,16.0,13.85,1433.16,20.16,21.02,0.09711720226843416,0.5503144654088051,0.8714285714285716
10.15,10.925,16.0,13.925,1460.31,19.17,20.73,0.7386578449905491,0.2389937106918244,0.457142857142858
10.15,10.925,16.0,14.0,1463.4,19.32,20.86,0.8116729678638985,0.28616352201257866,0.6428571428571425
10.15,10.925,16.0,14.075,1462.39,19.19,20.89,0.7878071833648439,0.24528301886792492,0.685714285714287
10.15,10.925,16.0,14.15,1464.41,18.95,20.92,0.8355387523629533,0.16981132075471672,0.7285714285714315
10.15,10.925,16.075,13.85,1442.72,19.66,20.73,0.32301512287334816,0.39308176100628933,0.457142857142858
10.15,10.925,16.075,13.925,1452.68,19.89,20.88,0.5583648393194741,0.4654088050314467,0.6714285714285705
10.15,10.925,16.075,14.0,1463.56,19.11,20.78,0.8154536862003791,0.2201257861635218,0.5285714285714306
10.15,10.925,16.075,14.075,1461.89,19.1,20.92,0.7759924385633317,0.21698113207547212,0.7285714285714315
10.15,10.925,16.075,14.15,1464.48,18.88,20.95,0.8371928166351634,0.14779874213836444,0.771428571428571
10.15,10.925,16.15,13.85,1431.85,19.76,21.01,0.06616257088846783,0.4245283018867929,0.8571428571428601
10.15,10.925,16.15,13.925,1451.93,19.75,20.75,0.5406427221172057,0.42138364779874216,0.485714285714286
10.15,10.925,16.15,14.0,1463.32,19.23,20.71,0.809782608695653,0.2578616352201259,0.42857142857143005
10.15,10.925,16.15,14.075,1462.18,18.93,20.86,0.7828449905482079,0.16352201257861623,0.6428571428571425
10.15,10.925,16.15,14.15,1462.51,18.8,20.87,0.7906427221172043,0.12264150943396246,0.657142857142859
10.15,11.0,15.85,13.85,1463.31,20.08,20.85,0.8095463137996229,0.525157232704402,0.628571428571431
10.15,11.0,15.85,13.925,1464.97,19.86,20.86,0.8487712665406457,0.45597484276729544,0.6428571428571425
10.15,11.0,15.85,14.0,1466.42,19.74,20.77,0.8830340264650325,0.41823899371069134,0.514285714285714
10.15,11.0,15.85,14.075,1465.77,19.49,20.96,0.8676748582230643,0.33962264150943344,0.7857142857142875
10.15,11.0,15.85,14.15,1463.37,19.91,20.92,0.8109640831758032,0.47169811320754723,0.7285714285714315
10.15,11.0,15.924999999999999,13.85,1462.84,19.83,20.87,0.7984404536862008,0.4465408805031441,0.657142857142859
10.15,11.0,15.924999999999999,13.925,1464.45,19.84,20.82,0.8364839319470734,0.4496855345911949,0.5857142857142865
10.15,11.0,15.924999999999999,14.0,1467.02,19.58,20.82,0.8972117202268451,0.36792452830188627,0.5857142857142865
10.15,11.0,15.924999999999999,14.075,1455.98,19.71,20.75,0.6363421550094542,0.4088050314465411,0.485714285714286
10.15,11.0,15.924999999999999,14.15,1467.44,19.33,20.91,0.9071361058601172,0.28930817610062837,0.714285714285715
10.15,11.0,16.0,13.85,1460.99,19.79,20.79,0.7547258979206073,0.43396226415094313,0.542857142857142
10.15,11.0,16.0,13.925,1464.5,19.66,20.81,0.8376654064272235,0.39308176100628933,0.57142857142857
10.15,11.0,16.0,14.0,1438.05,19.97,20.85,0.21266540642722148,0.4905660377358487,0.628571428571431
10.15,11.0,16.0,14.075,1465.33,19.11,20.83,0.8572778827977322,0.2201257861635218,0.599999999999998
10.15,11.0,16.0,14.15,1467.0,19.26,20.89,0.896739130434785,0.2672955974842772,0.685714285714287
10.15,11.0,16.075,13.85,1436.84,19.95,20.83,0.18407372400756086,0.4842767295597482,0.599999999999998
10.15,11.0,16.075,13.925,1437.24,19.98,20.79,0.19352551984877284,0.4937106918238995,0.542857142857142
10.15,11.0,16.075,14.0,1465.54,19.42,20.79,0.8622400756143682,0.3176100628930823,0.542857142857142
10.15,11.0,16.075,14.075,1464.3,19.23,20.85,0.8329395085066175,0.2578616352201259,0.628571428571431
10.15,11.0,16.075,14.15,1467.03,19.04,20.89,0.8974480151228751,0.19811320754716952,0.685714285714287
10.15,11.0,16.15,13.85,1451.38,19.9,20.87,0.5276465028355432,0.4685534591194964,0.657142857142859
10.15,11.0,16.15,13.925,1464.13,19.44,20.76,0.828922495274107,0.32389937106918276,0.5000000000000026
10.15,11.0,16.15,14.0,1465.18,19.41,20.73,0.8537334593572817,0.3144654088050315,0.457142857142858
10.15,11.0,16.15,14.075,1464.59,19.07,20.92,0.8397920604914938,0.20754716981132082,0.7285714285714315
10.15,11.0,16.15,14.15,1466.24,19.02,20.87,0.8787807183364865,0.19182389937106903,0.657142857142859
10.15,11.075,15.85,13.85,1465.23,20.04,20.85,0.8549149338374319,0.512578616352201,0.628571428571431
10.15,11.075,15.85,13.925,1467.36,19.9,20.8,0.9052457466918715,0.4685534591194964,0.5571428571428585
10.15,11.075,15.85,14.0,1462.78,20.37,20.87,0.7970226843100205,0.6163522012578619,0.657142857142859
10.15,11.075,15.85,14.075,1468.38,19.99,20.67,0.9293478260869615,0.4968553459119492,0.37142857142857405
10.15,11.075,15.85,14.15,1470.01,20.22,20.62,0.9678638941398889,0.5691823899371066,0.30000000000000154
10.15,11.075,15.924999999999999,13.85,1465.93,19.9,20.82,0.8714555765595502,0.4685534591194964,0.5857142857142865
10.15,11.075,15.924999999999999,13.925,1441.5,20.28,20.85,0.29418714555765746,0.5880503144654091,0.628571428571431
10.15,11.075,15.924999999999999,14.0,1467.7,19.77,20.67,0.9132797731569033,0.4276729559748426,0.37142857142857405
10.15,11.075,15.924999999999999,14.075,1453.29,20.08,20.8,0.5727788279773167,0.525157232704402,0.5571428571428585
10.15,11.075,15.924999999999999,14.15,1440.85,20.14,20.75,0.2788279773156893,0.5440251572327046,0.485714285714286
10.15,11.075,16.0,13.85,1456.43,20.22,20.88,0.6469754253308164,0.5691823899371066,0.6714285714285705
10.15,11.075,16.0,13.925,1442.61,20.03,20.77,0.3204158790170124,0.5094339622641513,0.514285714285714
10.15,11.075,16.0,14.0,1439.29,20.07,20.78,0.24196597353497223,0.5220125786163523,0.5285714285714306
10.15,11.075,16.0,14.075,1439.8,20.02,20.72,0.2540170132325146,0.5062893081761005,0.4428571428571415
10.15,11.075,16.0,14.15,1455.58,20.08,20.66,0.6268903591682423,0.525157232704402,0.3571428571428575
10.15,11.075,16.075,13.85,1455.56,20.14,20.84,0.6264177693761822,0.5440251572327046,0.6142857142857145
10.15,11.075,16.075,13.925,1456.17,19.87,20.8,0.6408317580340303,0.4591194968553462,0.5571428571428585
10.15,11.075,16.075,14.0,1438.06,19.88,20.76,0.21290170132325154,0.4622641509433959,0.5000000000000026
10.15,11.075,16.075,14.075,1470.12,19.64,20.59,0.9704631379962192,0.38679245283018887,0.257142857142857
10.15,11.075,16.075,14.15,1469.54,19.61,20.56,0.9567580340264666,0.37735849056603754,0.21428571428571247
10.15,11.075,16.15,13.85,1452.08,19.8,20.76,0.5441871455576561,0.43710691823899395,0.5000000000000026
10.15,11.075,16.15,13.925,1453.92,19.61,20.7,0.5876654064272249,0.37735849056603754,0.4142857142857135
10.15,11.075,16.15,14.0,1452.4,19.77,20.82,0.5517485822306278,0.4276729559748426,0.5857142857142865
10.15,11.075,16.15,14.075,1467.82,19.48,20.58,0.9161153119092638,0.33647798742138374,0.24285714285714047
10.15,11.075,16.15,14.15,1467.82,19.63,20.52,0.9161153119092638,0.38364779874213806,0.1571428571428565
10.15,11.15,15.85,13.85,1465.51,20.43,20.88,0.8615311909262782,0.6352201257861635,0.6714285714285705
10.15,11.15,15.85,13.925,1470.02,20.24,20.68,0.9681001890359189,0.5754716981132071,0.3857142857142855
10.15,11.15,15.85,14.0,1469.46,20.46,20.64,0.9548676748582264,0.6446540880503148,0.3285714285714295
10.15,11.15,15.85,14.075,1445.13,20.95,20.75,0.3799621928166394,0.7987421383647797,0.485714285714286
10.15,11.15,15.85,14.15,1471.37,20.87,20.52,1.0,0.7735849056603777,0.1571428571428565
10.15,11.15,15.924999999999999,13.85,1459.39,20.41,20.78,0.7169187145557702,0.628930817610063,0.5285714285714306
10.15,11.15,15.924999999999999,13.925,1454.44,20.39,20.82,0.5999527410207972,0.6226415094339625,0.5857142857142865
10.15,11.15,15.924999999999999,14.0,1445.23,20.42,20.74,0.3823251417769397,0.6320754716981137,0.4714285714285695
10.15,11.15,15.924999999999999,14.075,1443.64,20.63,20.68,0.3447542533081325,0.6981132075471695,0.3857142857142855
10.15,11.15,15.924999999999999,14.15,1442.81,20.96,20.65,0.3251417769376184,0.8018867924528305,0.342857142857141
10.15,11.15,16.0,13.85,1459.33,20.36,20.82,0.7155009451795845,0.6132075471698112,0.5857142857142865
10.15,11.15,16.0,13.925,1457.96,20.25,20.72,0.6831285444234434,0.5786163522012578,0.4428571428571415
10.15,11.15,16.0,14.0,1445.65,20.36,20.71,0.39224952741021174,0.6132075471698112,0.42857142857143005
10.15,11.15,16.0,14.075,1449.94,20.16,20.64,0.4936200378071865,0.5503144654088051,0.3285714285714295
10.15,11.15,16.0,14.15,1442.85,20.73,20.66,0.3260869565217385,0.7295597484276731,0.3571428571428575
10.15,11.15,16.075,13.85,1458.87,20.19,20.79,0.7046313799621924,0.5597484276729564,0.542857142857142
10.15,11.15,16.075,13.925,1456.68,20.11,20.78,0.6528827977315725,0.5345911949685532,0.5285714285714306
10.15,11.15,16.075,14.0,1454.96,20.18,20.6,0.6122400756143695,0.5566037735849055,0.2714285714285735
10.15,11.15,16.075,14.075,1444.14,20.39,20.66,0.3565689981096448,0.6226415094339625,0.3571428571428575
10.15,11.15,16.075,14.15,1441.56,20.52,20.68,0.29560491493383767,0.6635220125786162,0.3857142857142855
10.15,11.15,16.15,13.85,1459.05,20.25,20.81,0.7088846880907383,0.5786163522012578,0.57142857142857
10.15,11.15,16.15,13.925,1455.24,19.79,20.64,0.6188563327032158,0.43396226415094313,0.3285714285714295
10.15,11.15,16.15,14.0,1453.72,20.03,20.56,0.5829395085066189,0.5094339622641513,0.21428571428571247
10.15,11.15,16.15,14.075,1457.51,20.15,20.63,0.6724952741020813,0.5471698113207543,0.314285714285713
10.15,11.15,16.15,14.15,1453.33,20.31,20.6,0.5737240075614369,0.5974842767295594,0.2714285714285735
