X1,X2,X3,X4,X5,X6,X7,X8,X9,X10,X11,COG
19.17,136.0,1.0,0.01,1.91,2.08,1.5,10.46,11.49,5.53,6.35,20.5
20.39,121.0,3.06,0.01,1.43,2.44,1.5,10.14,15.36,6.68,7.25,19.94
16.4,109.9,3.4,0.01,1.74,2.16,1.5,13.46,17.01,4.36,1.36,19.11
19.48,145.4,1.88,0.01,1.86,2.06,1.5,10.1,15.43,3.39,4.25,20.17
16.39,140.4,2.19,0.01,1.5,2.46,1.5,11.74,16.01,11.62,10.6,20.24
21.24,137.5,2.05,0.01,1.81,2.45,1.5,12.14,17.72,9.04,4.04,19.65
16.15,147.5,2.35,0.01,2.74,2.2,1.5,11.19,17.23,6.05,0.05,19.67
21.17,116.3,2.58,0.01,1.71,2.18,1.5,14.54,14.99,0.25,0.25,18.85
24.23,135.6,1.37,0.01,1.06,2.02,1.5,10.14,11.97,7.8,6.8,20.23
15.45,105.4,1.68,0.01,3.14,2.28,1.5,10.06,10.58,9.09,9.09,20.59
17.03,112.6,3.23,0.01,1.59,2.29,1.5,14.85,16.77,3.84,4.84,17.1
21.2,141.4,1.47,0.01,1.06,2.04,1.5,12.43,14.85,7.08,5.08,20.01
24.25,113.2,1.2,0.01,2.59,2.38,1.5,14.54,17.46,0.22,1.3,16.64
20.5,146.3,3.47,0.01,1.0,2.48,1.5,10.87,11.01,2.16,2.16,19.68
24.4,129.1,2.77,0.01,1.0,2.46,1.5,12.3,14.37,6.23,4.23,19.67
16.84,139.4,2.84,0.01,1.16,2.21,1.5,13.4,17.35,0.01,3.01,19.49
23.58,137.8,2.86,0.01,1.0,2.16,1.5,13.35,13.61,5.81,5.81,20.42
22.98,144.0,2.96,0.01,1.0,2.13,1.5,11.26,16.84,8.18,3.18,19.67
20.72,136.7,2.56,0.01,1.84,2.28,1.5,12.33,12.74,1.09,1.09,20.71
15.8,149.1,1.54,0.01,3.44,2.44,1.5,13.44,14.56,2.58,3.58,20.12
20.0,136.4,1.62,0.01,1.74,2.42,1.5,12.08,14.93,3.63,1.63,19.88
20.19,139.3,1.07,0.01,1.97,2.44,1.5,14.22,14.31,8.5,8.5,19.52
23.26,142.7,1.3,0.01,2.66,2.35,1.5,13.05,16.4,0.55,3.34,19.63
18.0,107.2,3.7,0.01,1.21,2.48,1.5,13.18,17.95,8.74,7.05,19.98
16.35,117.8,1.08,0.01,1.48,2.38,1.5,10.15,12.93,13.08,11.08,19.91
21.91,109.4,2.33,0.01,1.9,2.5,1.5,11.02,11.98,4.19,4.19,20.56
24.48,111.1,1.8,0.01,1.24,2.22,1.5,10.55,15.07,7.45,3.45,19.16
15.67,122.9,1.34,0.01,1.08,2.38,1.5,11.97,15.98,7.24,7.2,19.56
19.78,123.7,3.41,0.01,1.18,2.45,1.5,10.19,16.19,2.01,7.03,20.48
15.1,126.9,1.01,0.01,3.85,2.46,1.5,13.98,17.32,2.33,2.52,18.3
16.88,131.1,3.72,0.01,1.37,2.36,1.5,13.66,17.27,6.41,4.0,18.3
20.34,115.7,3.45,0.01,1.0,2.22,1.5,12.56,17.51,0.5,4.5,19.19
23.91,101.4,2.57,0.01,1.29,2.43,1.5,12.79,15.52,5.57,3.57,19.41
24.32,146.8,2.72,0.01,1.0,2.12,1.5,10.44,11.82,3.8,2.8,20.01
21.07,120.7,3.35,0.01,1.0,2.35,1.5,11.2,14.59,3.91,0.91,19.93
17.29,133.2,2.49,0.01,2.48,2.08,1.5,12.85,17.97,12.74,7.74,20.25
24.76,145.1,2.62,0.01,1.0,2.04,1.5,10.33,13.61,6.01,4.63,21.26
16.68,148.6,3.3,0.01,1.81,2.32,1.5,13.34,13.82,0.21,0.21,20.24
19.92,136.5,2.41,0.01,2.09,2.07,1.5,10.05,16.07,5.12,7.01,19.36
17.2,116.9,2.57,0.01,2.44,2.23,1.5,10.62,12.5,8.07,9.07,20.7
22.7,106.5,1.07,0.01,2.56,2.41,1.5,10.06,15.38,9.92,4.92,20.17
24.15,132.2,1.02,0.01,2.45,2.43,1.5,14.15,15.19,4.66,3.66,18.51
17.74,128.0,3.02,0.01,1.93,2.43,1.5,10.98,15.98,4.63,9.28,19.6
19.28,140.4,2.06,0.01,1.64,2.38,1.5,11.54,15.87,7.54,3.54,20.69
17.14,109.9,1.43,0.01,2.13,2.02,1.5,10.55,15.4,5.29,1.29,19.19
17.32,110.4,3.75,0.01,1.24,2.28,1.5,11.52,16.68,6.96,9.0,20.55
22.06,123.9,1.38,0.01,2.74,2.08,1.5,11.01,13.45,4.35,2.35,20.6
22.29,109.4,2.93,0.01,1.15,2.1,1.5,13.0,15.99,6.72,4.72,19.6
17.95,136.6,3.84,0.01,1.07,2.39,1.5,10.28,16.68,3.08,6.32,19.39
20.08,113.1,2.07,0.01,1.32,2.4,1.5,10.53,17.89,2.83,5.04,20.13
15.45,139.4,1.57,0.01,2.58,2.37,1.5,10.75,14.41,3.47,6.47,20.49
22.23,108.8,3.16,0.01,1.0,2.43,1.5,12.79,13.23,7.55,7.55,20.48
24.87,113.9,1.01,0.01,2.67,2.43,1.5,13.64,14.13,3.99,3.99,20.0
21.14,116.2,2.37,0.01,1.97,2.42,1.5,12.13,12.77,3.54,3.54,20.01
19.33,145.5,2.82,0.01,1.82,2.25,1.5,12.49,16.74,1.08,5.08,20.17
24.43,125.9,1.58,0.01,2.11,2.12,1.5,13.5,14.32,4.25,4.25,19.73
19.4,112.8,3.41,0.01,1.19,2.06,1.5,14.64,17.17,7.86,6.43,16.84
15.14,135.8,2.69,0.01,2.68,2.26,1.5,13.96,15.57,7.5,6.5,20.35
21.48,109.0,1.97,0.01,1.52,2.2,1.5,11.21,13.26,7.13,5.13,20.14
24.82,131.8,2.13,0.01,1.54,2.31,1.5,11.26,16.34,6.83,1.83,20.18
18.3,134.9,1.81,0.01,3.0,2.15,1.5,12.72,13.9,11.79,10.79,19.27
16.84,129.3,3.69,0.01,1.41,2.46,1.5,11.39,14.87,6.65,3.65,19.48
15.14,120.8,3.82,0.01,1.58,2.39,1.5,10.87,12.74,2.31,3.31,19.97
21.99,134.4,1.76,0.01,2.38,2.12,1.5,12.12,12.98,0.92,0.92,20.66
21.32,135.4,2.84,0.01,1.41,2.08,1.5,10.75,14.11,5.94,2.94,19.81
19.63,121.4,2.49,0.01,1.48,2.17,1.5,11.31,16.76,11.62,6.62,20.5
21.07,107.3,2.53,0.01,1.83,2.43,1.5,13.36,15.07,2.0,3.0,19.66
24.87,147.4,2.66,0.01,1.0,2.32,1.5,12.83,13.75,4.38,4.38,20.79
16.08,131.2,1.14,0.01,1.85,2.03,1.5,13.52,15.35,4.01,3.01,19.73
22.47,117.0,3.08,0.01,1.0,2.26,1.5,10.14,15.15,5.61,3.67,20.64
19.34,119.1,2.41,0.01,2.21,2.18,1.5,13.87,14.42,5.68,5.68,19.39
16.97,129.3,3.74,0.01,1.35,2.48,1.5,11.39,14.87,6.65,6.66,20.58
20.45,147.5,3.43,0.01,1.0,2.21,1.5,10.87,16.48,2.16,2.16,19.66
21.32,135.4,2.84,0.01,1.29,2.08,1.5,10.75,15.58,5.95,2.96,20.43
15.79,106.6,3.38,0.01,1.74,2.16,1.5,13.46,17.12,4.36,1.36,18.98
24.48,111.1,1.76,0.01,1.24,2.22,1.5,12.15,15.11,5.41,3.41,19.79
22.47,117.1,2.87,0.01,1.21,2.3,1.5,10.14,15.15,7.18,3.67,19.61
19.92,136.5,2.41,0.01,2.09,2.07,1.5,10.05,16.29,5.12,6.79,19.31
24.13,113.2,1.27,0.01,2.54,2.38,1.5,14.29,17.52,0.18,1.3,17.36
22.7,106.7,1.15,0.01,2.56,2.18,1.5,14.01,15.39,5.91,4.91,20.07
22.23,108.8,3.16,0.01,1.0,2.43,1.5,12.79,13.23,7.54,7.54,20.45
15.34,139.4,1.57,0.01,2.58,2.0,1.5,10.55,14.42,3.47,1.29,19.85
20.34,117.6,2.76,0.01,1.0,2.22,1.5,12.56,13.46,0.5,0.5,20.31
22.37,135.8,2.93,0.01,1.14,2.11,1.5,13.0,15.57,6.91,4.91,19.94
18.3,133.9,2.19,0.01,1.45,2.16,1.5,12.72,15.99,11.62,8.71,18.66
24.87,114.3,1.01,0.01,1.43,2.31,1.5,13.61,14.13,3.99,3.99,20.11
23.26,111.0,1.29,0.01,2.66,2.35,1.5,12.09,16.65,0.55,3.09,19.47
20.39,107.1,2.51,0.01,1.43,2.43,1.5,10.14,15.36,6.72,7.25,19.87
16.84,136.4,3.8,0.01,1.16,2.21,1.5,13.4,17.35,2.88,2.88,20.07
24.24,125.9,1.69,0.01,2.05,2.12,1.5,13.5,14.74,3.93,3.94,19.35
16.07,127.5,3.82,0.01,1.41,2.35,1.5,10.87,12.74,2.31,2.99,20.29
21.99,134.4,1.76,0.01,2.38,2.48,1.5,12.12,16.02,0.92,0.92,18.96
18.0,107.2,2.12,0.01,1.21,2.28,1.5,11.13,16.34,8.82,6.96,20.81
23.91,109.5,2.86,0.01,1.0,2.43,1.5,12.79,15.52,5.52,3.57,19.63
20.72,131.2,2.56,0.01,1.83,2.27,1.5,12.33,13.11,1.09,1.09,20.45
17.32,110.4,3.75,0.01,1.24,2.28,1.5,11.52,16.68,7.84,9.0,19.95
19.47,146.8,1.88,0.01,1.86,2.06,1.5,10.21,15.43,2.01,7.01,19.83
22.7,100.5,1.12,0.01,2.56,2.41,1.5,10.06,15.4,7.63,2.63,20.38
20.34,115.7,3.36,0.01,1.0,2.2,1.5,12.53,17.51,0.5,0.06,19.68
15.15,139.3,1.08,0.01,1.97,2.44,1.5,10.9,14.31,2.45,3.35,20.36
22.89,109.4,2.93,0.01,1.04,2.1,1.5,13.0,13.57,4.72,4.72,19.92
22.85,136.6,2.97,0.01,1.0,2.13,1.5,10.25,16.68,8.12,3.47,21.1
15.8,136.2,1.55,0.01,3.62,2.41,1.5,13.44,14.56,2.58,3.58,20.15
21.52,109.0,2.01,0.01,1.52,2.2,1.5,11.21,13.26,5.64,5.13,20.6
19.92,136.5,2.41,0.01,2.09,2.07,1.5,10.45,15.64,5.12,7.01,19.89
20.79,106.2,1.01,0.01,3.41,2.46,1.5,13.98,15.02,2.33,2.67,20.25
24.96,119.1,2.41,0.01,1.19,2.13,1.5,12.72,14.42,4.37,3.62,20.83
19.62,119.9,1.03,0.01,1.48,2.08,1.5,11.38,11.49,5.98,5.98,20.49
17.29,133.2,2.27,0.01,2.51,2.08,1.5,14.4,17.97,10.4,7.4,18.08
24.48,113.6,1.08,0.01,2.66,2.38,1.5,10.03,12.93,3.03,1.03,19.93
24.51,146.4,2.76,0.01,1.0,2.48,1.5,10.86,13.82,6.01,4.55,20.54
24.22,122.9,1.01,0.01,2.34,2.38,1.5,11.85,15.97,6.81,2.81,18.89
23.4,142.7,1.3,0.01,2.63,2.35,1.5,13.05,16.4,0.55,3.2,19.91
19.5,121.4,2.44,0.01,1.48,2.14,1.5,11.31,16.76,8.75,3.75,19.67
16.2,146.3,2.35,0.01,2.74,2.48,1.5,11.19,11.76,0.05,0.05,20.54
19.4,112.8,3.59,0.01,1.0,2.06,1.5,14.64,17.17,7.86,6.43,16.77
23.91,101.4,2.57,0.01,1.29,2.43,1.5,12.79,14.05,4.55,3.55,21.17
19.17,136.6,1.07,0.01,1.91,2.08,1.5,10.46,11.38,5.53,5.53,20.34
23.65,116.9,2.86,0.01,1.0,2.23,1.5,10.07,12.5,8.07,6.85,20.97
21.14,116.2,2.41,0.01,1.93,2.42,1.5,10.53,12.73,3.56,3.84,20.77
16.35,117.8,1.08,0.01,1.48,2.38,1.5,10.15,12.93,13.08,12.11,19.67
20.49,147.4,1.05,0.01,1.02,2.32,1.5,12.73,13.81,4.63,4.12,20.65
17.45,140.4,2.02,0.01,2.59,2.38,1.5,10.97,11.02,0.96,0.96,19.87
19.34,116.4,2.34,0.01,2.32,2.41,1.5,10.04,14.41,5.84,4.93,20.9
15.1,126.9,1.01,0.01,3.91,2.46,1.5,13.98,17.32,2.33,2.52,18.35
17.25,105.7,1.43,0.01,2.13,2.4,1.5,10.75,15.39,5.29,6.47,20.41
24.76,143.2,2.62,0.01,1.0,2.04,1.5,10.33,17.65,6.01,0.59,21.14
15.93,109.4,2.69,0.01,1.14,2.25,1.5,13.96,15.99,6.72,6.31,19.75
16.39,140.4,1.81,0.01,3.05,2.45,1.5,11.74,13.92,11.79,10.6,20.24
24.82,131.4,2.13,0.01,1.56,2.43,1.5,11.29,16.34,6.83,1.83,20.04
21.07,121.2,3.08,0.01,1.28,2.44,1.5,13.36,15.07,1.96,2.96,19.52
17.81,139.6,2.88,0.01,1.07,2.39,1.5,10.28,16.68,0.1,6.1,19.56
17.92,128.0,3.02,0.01,1.89,2.43,1.5,10.98,15.98,4.64,9.1,19.93
15.15,120.8,1.14,0.01,1.6,2.07,1.5,13.52,15.35,4.01,3.33,19.47
16.39,140.4,2.19,0.01,1.5,2.09,1.5,11.74,12.97,11.6,10.6,20.9
24.82,131.8,2.71,0.01,1.0,2.48,1.5,13.16,17.42,4.76,0.76,20.16
22.23,100.8,2.57,0.01,1.0,2.43,1.5,12.79,13.23,7.47,7.47,20.04
24.4,129.1,2.77,0.01,1.0,2.47,1.5,12.3,14.37,0.76,2.76,19.76
16.88,123.9,3.67,0.01,1.37,2.36,1.5,11.05,16.89,6.41,4.0,20.09
19.4,112.8,3.41,0.01,1.18,2.06,1.5,14.64,17.17,6.98,6.43,16.51
19.79,123.7,3.41,0.01,1.18,2.45,1.5,10.08,16.19,3.39,4.03,20.11
16.6,129.3,3.69,0.01,1.41,2.46,1.5,11.52,14.87,6.65,4.08,19.55
16.15,147.5,2.35,0.01,2.74,2.22,1.5,11.22,17.23,6.05,4.58,19.15
19.42,115.7,2.88,0.01,1.69,2.22,1.5,13.66,16.08,2.11,2.11,19.17
18.08,144.0,3.83,0.01,1.06,2.4,1.5,11.29,16.84,3.14,3.18,20.56
21.32,148.3,2.83,0.01,1.37,2.09,1.5,10.75,14.11,5.94,2.94,19.8
22.43,117.0,3.04,0.01,1.0,2.26,1.5,10.14,15.15,7.1,3.67,19.54
21.91,109.4,2.33,0.01,1.89,2.49,1.5,10.08,12.41,3.09,4.19,19.9
16.68,109.8,2.71,0.01,1.73,2.16,1.5,13.46,17.01,4.36,6.69,20.08
15.43,128.0,2.53,0.01,1.83,2.43,1.5,13.36,17.37,2.0,3.0,18.33
19.18,137.5,2.49,0.01,1.91,2.17,1.5,10.45,16.76,11.74,6.6,20.22
21.17,116.4,2.49,0.01,1.71,2.18,1.5,12.99,14.99,0.25,0.64,19.89
16.09,119.8,1.2,0.01,1.47,2.38,1.5,14.84,17.46,0.72,2.72,16.38
20.74,145.0,2.61,0.01,1.0,2.04,1.5,10.34,10.8,2.09,2.09,19.34
15.61,132.2,1.57,0.01,1.1,2.43,1.5,14.27,14.97,3.44,3.44,20.12
23.93,111.8,1.2,0.01,2.58,2.38,1.5,14.54,17.46,3.3,1.3,17.55
22.03,122.4,2.93,0.01,1.15,2.11,1.5,13.0,16.4,6.72,4.58,19.74
24.32,147.5,2.72,0.01,1.0,2.12,1.5,10.51,11.82,3.23,2.81,19.45
16.4,132.6,1.14,0.01,1.86,2.03,1.5,13.52,14.53,0.56,1.56,20.1
15.94,109.9,1.34,0.01,1.08,2.37,1.5,11.97,15.98,5.28,7.2,19.99
17.8,133.2,1.84,0.01,2.51,2.08,1.5,14.4,15.08,3.36,3.36,19.96
23.82,101.4,1.0,0.01,2.88,2.46,1.5,10.05,17.41,2.33,1.78,20.67
19.45,116.1,2.88,0.01,1.68,2.23,1.5,13.63,17.72,6.04,2.04,19.82
21.79,101.8,2.93,0.01,1.15,2.09,1.5,13.0,16.4,6.26,3.51,20.15
16.01,119.8,1.2,0.01,2.69,2.38,1.5,14.84,17.46,2.62,0.62,16.73
21.11,107.3,1.07,0.01,1.83,2.43,1.5,13.45,15.07,2.0,3.0,19.76
24.82,124.6,2.13,0.01,1.54,2.31,1.5,13.16,16.34,3.74,0.74,19.49
23.66,144.0,2.9,0.01,1.0,2.44,1.5,12.81,16.79,5.54,2.54,20.04
15.11,112.8,3.42,0.01,1.58,2.39,1.5,10.9,12.75,6.98,6.52,20.62
17.37,112.6,3.23,0.01,1.59,2.31,1.5,14.85,16.85,3.8,4.8,16.92
20.81,139.1,1.07,0.01,2.02,2.44,1.5,14.22,14.97,7.22,7.22,20.31
21.99,134.4,1.79,0.01,2.34,2.09,1.5,12.12,16.02,0.74,1.14,19.43
23.91,133.3,1.22,0.01,1.56,2.43,1.5,14.57,17.48,2.96,1.61,16.78
24.32,147.3,2.72,0.01,1.0,2.12,1.5,10.51,12.05,2.75,1.75,20.83
18.3,133.9,2.19,0.01,1.45,2.16,1.5,12.79,15.99,11.62,8.71,18.66
24.8,147.0,2.62,0.01,1.0,2.08,1.5,10.75,14.11,4.4,4.09,20.08
22.7,106.7,1.88,0.01,2.14,2.2,1.5,14.1,15.39,5.22,4.22,20.04
24.76,146.3,2.61,0.01,1.01,2.04,1.5,10.33,13.61,0.24,3.24,19.63
17.47,129.3,3.69,0.01,1.3,2.41,1.5,10.34,14.87,6.65,4.08,20.5
15.19,126.9,1.01,0.01,3.91,2.46,1.5,13.98,17.01,4.4,2.52,18.76
24.15,132.2,1.04,0.01,2.45,2.43,1.5,14.15,15.19,4.66,3.66,18.51
17.11,109.4,1.44,0.01,2.14,2.1,1.5,10.55,15.4,5.29,5.02,20.21
18.3,133.9,1.0,0.01,1.45,2.38,1.5,12.72,16.14,11.56,8.56,18.73
16.09,145.5,1.2,0.01,1.46,2.38,1.5,14.84,17.46,0.77,0.6,15.1
19.18,137.5,2.49,0.01,1.91,2.15,1.5,10.5,16.76,11.74,6.6,20.26
15.15,120.8,1.14,0.01,1.6,2.08,1.5,13.52,15.35,4.01,3.33,19.48
22.7,100.8,2.58,0.01,1.01,2.41,1.5,10.0,15.4,7.47,4.9,20.49
24.13,113.2,1.27,0.01,1.38,2.44,1.5,14.24,17.52,0.24,1.3,17.34
24.82,131.8,2.61,0.01,1.0,2.06,1.5,13.18,17.42,4.76,0.76,19.91
19.92,115.4,2.41,0.01,2.09,2.07,1.5,10.45,15.64,5.84,7.01,20.48
16.08,131.2,1.14,0.01,1.85,2.03,1.5,11.29,15.35,7.01,3.01,19.97
23.82,112.9,2.72,0.01,1.0,2.12,1.5,10.51,17.91,3.23,1.26,20.15
17.3,132.1,3.24,0.01,1.59,2.29,1.5,14.85,16.77,4.0,4.84,16.74
23.28,109.8,2.71,0.01,1.2,2.16,1.5,13.49,17.06,4.36,2.66,18.86
19.63,115.6,3.16,0.01,1.0,2.18,1.5,10.14,15.15,7.1,3.67,19.56
24.4,128.3,2.77,0.01,1.0,2.46,1.5,12.3,14.37,6.23,4.23,19.6
22.23,108.8,2.98,0.01,1.0,2.32,1.5,13.58,14.13,6.64,6.64,19.69
24.25,109.6,1.2,0.01,2.52,2.08,1.5,14.71,17.47,3.28,1.28,16.99
19.4,136.6,3.59,0.01,1.0,2.06,1.5,13.93,15.56,7.43,6.43,20.2
22.17,109.4,3.1,0.01,1.0,2.1,1.5,13.54,13.57,4.72,4.72,19.34
17.14,127.2,1.43,0.01,2.13,2.35,1.5,10.55,15.4,5.22,1.29,19.37
24.84,107.4,2.53,0.01,1.16,2.44,1.5,13.36,15.09,2.0,3.0,19.73
15.1,126.9,1.01,0.01,3.79,2.46,1.5,13.98,17.32,2.33,3.04,18.51
24.02,111.1,2.23,0.01,1.24,2.22,1.5,10.55,17.92,7.45,1.06,19.41
16.32,126.3,1.12,0.01,2.56,2.41,1.5,14.09,15.31,3.52,2.52,20.53
24.52,125.9,1.58,0.01,1.83,2.28,1.5,12.34,14.22,4.25,3.88,21.0
21.21,137.1,2.01,0.01,1.82,2.45,1.5,12.17,16.03,2.11,4.11,20.62
23.91,122.1,2.57,0.01,1.29,2.45,1.5,12.79,14.05,4.55,4.62,20.43
24.53,113.6,1.08,0.01,1.44,2.39,1.5,10.03,12.93,0.7,1.03,20.03
24.18,122.9,2.49,0.01,1.3,2.38,1.5,11.77,15.97,6.81,2.81,19.05
24.82,131.8,2.71,0.01,1.0,2.48,1.5,11.26,17.42,4.76,0.76,20.89
22.26,108.8,2.96,0.01,1.0,2.12,1.5,11.24,13.28,5.18,3.18,20.0
16.15,147.5,2.35,0.01,2.74,2.2,1.5,11.19,17.23,6.05,0.29,19.72
19.49,117.4,3.57,0.01,1.0,2.06,1.5,14.24,17.16,2.31,3.22,17.69
24.14,144.3,2.72,0.01,1.0,2.09,1.5,10.44,11.74,3.8,2.8,19.74
20.17,108.1,1.01,0.01,3.41,2.46,1.5,13.98,14.62,2.33,2.33,19.65
21.32,135.4,2.74,0.01,1.29,2.48,1.5,10.75,15.58,6.13,2.74,20.63
24.84,109.9,2.11,0.01,1.57,2.38,1.5,11.26,16.32,3.3,1.3,20.74
24.13,113.4,1.27,0.01,1.01,2.38,1.5,14.29,17.28,0.3,1.31,17.46
16.23,127.5,3.82,0.01,1.38,2.35,1.5,10.87,12.74,2.31,2.99,20.3
21.37,138.1,2.67,0.01,1.0,2.32,1.5,12.62,13.75,3.93,2.93,19.72
19.48,145.4,1.21,0.01,1.86,2.06,1.5,10.08,15.43,3.42,5.71,20.42
19.4,112.4,3.59,0.01,1.0,2.06,1.5,12.74,17.17,4.4,3.65,19.69
16.2,145.1,2.36,0.01,1.06,2.48,1.5,11.67,11.76,0.05,0.05,20.33
24.76,143.2,2.62,0.01,1.0,2.09,1.5,11.51,17.65,6.01,0.59,20.0
16.31,109.9,3.51,0.01,1.44,2.16,1.5,13.46,17.32,2.29,1.36,18.7
22.85,136.6,2.98,0.01,1.0,2.13,1.5,10.25,16.68,8.12,3.47,21.1
22.32,109.9,2.92,0.01,1.14,2.02,1.5,13.0,15.85,2.99,0.99,19.75
24.22,122.9,2.22,0.01,1.53,2.18,1.5,11.85,15.99,6.79,2.79,18.86
23.64,117.5,2.62,0.01,1.02,2.04,1.5,10.33,17.65,5.96,1.71,21.0
16.15,147.5,2.35,0.01,2.74,2.2,1.5,11.14,16.95,5.05,0.05,20.22
24.15,132.2,1.02,0.01,2.45,2.42,1.5,14.15,15.19,4.66,3.66,18.49
20.82,100.5,1.11,0.01,2.63,2.43,1.5,12.79,13.23,2.58,2.58,19.49
23.91,101.4,2.57,0.01,1.28,2.38,1.5,12.84,15.52,5.54,3.57,19.55
19.49,112.8,2.71,0.01,1.19,2.48,1.5,14.62,17.01,2.26,0.26,17.77
21.32,135.4,2.84,0.01,1.41,2.08,1.5,10.75,17.53,5.94,2.94,20.03
19.34,137.5,2.34,0.01,2.32,2.41,1.5,10.04,14.41,5.75,4.93,20.78
19.63,121.4,2.49,0.01,1.48,2.17,1.5,13.54,16.76,4.05,6.61,19.67
17.02,113.7,2.26,0.01,2.51,2.08,1.5,14.4,17.97,10.24,7.4,17.9
16.98,137.8,2.86,0.01,1.0,2.16,1.5,13.35,13.56,5.81,5.81,20.52
22.22,117.1,2.88,0.01,1.24,2.26,1.5,13.66,16.08,2.08,2.11,19.06
24.87,114.3,1.15,0.01,1.43,2.42,1.5,12.82,13.23,4.0,4.0,20.29
19.48,148.5,1.88,0.01,1.86,2.37,1.5,10.05,15.42,0.11,4.06,20.5
15.14,113.9,2.69,0.01,2.68,2.26,1.5,14.67,17.18,7.5,6.5,16.53
16.52,106.6,2.93,0.01,1.77,2.16,1.5,12.92,16.94,4.36,1.46,20.04
16.07,110.2,3.82,0.01,1.36,2.02,1.5,10.87,12.74,2.38,2.99,20.16
21.16,119.0,2.41,0.01,1.84,2.12,1.5,12.72,14.4,4.37,3.62,20.8
19.34,117.5,2.84,0.01,1.78,2.18,1.5,10.12,14.42,5.68,5.67,20.91
15.43,128.0,2.53,0.01,1.88,2.41,1.5,13.36,17.37,2.0,2.48,18.08
16.01,100.5,1.12,0.01,2.56,2.38,1.5,10.06,15.36,2.08,2.63,20.71
23.91,101.4,2.57,0.01,1.18,2.42,1.5,12.79,13.73,2.81,2.81,19.4
22.78,119.8,1.38,0.01,1.47,2.41,1.5,14.84,17.5,4.72,2.72,16.7
24.32,147.5,2.72,0.01,1.0,2.12,1.5,10.22,11.82,3.23,3.55,20.11
21.22,111.1,2.23,0.01,1.24,2.22,1.5,10.55,17.92,8.06,1.06,20.38
19.63,121.4,2.49,0.01,1.49,2.18,1.5,11.85,15.99,10.53,6.53,19.24
19.42,115.7,3.64,0.01,1.0,2.35,1.5,10.87,16.08,2.33,2.11,19.89
16.17,119.2,2.41,0.01,1.84,2.12,1.5,12.72,14.39,3.98,3.66,20.92
22.7,100.5,1.12,0.01,1.02,2.41,1.5,10.25,15.4,7.63,2.63,20.41
17.31,113.7,2.26,0.01,2.51,2.06,1.5,13.98,17.99,10.24,7.4,18.41
22.23,107.9,3.16,0.01,1.0,2.43,1.5,12.74,13.23,7.54,7.54,20.0
16.15,147.5,2.35,0.01,2.74,2.2,1.5,11.35,17.23,5.05,0.05,20.46
17.29,131.4,2.41,0.01,2.5,2.14,1.5,14.37,17.97,8.7,5.7,18.02
15.43,146.3,2.53,0.01,1.88,2.41,1.5,13.36,13.44,2.0,2.0,20.31
22.43,126.1,3.04,0.01,1.0,2.46,1.5,10.18,17.35,7.84,3.22,21.14
24.04,145.5,1.01,0.01,1.47,2.37,1.5,13.44,17.46,0.59,0.6,19.85
21.99,134.4,1.54,0.01,2.38,2.12,1.5,10.07,12.98,0.92,0.93,19.55
20.24,130.8,1.07,0.01,1.42,2.44,1.5,13.68,14.52,3.98,3.98,19.39
23.93,122.1,2.65,0.01,1.21,2.45,1.5,12.79,14.05,4.55,4.38,20.78
21.7,136.6,3.07,0.01,1.0,2.16,1.5,11.88,15.92,7.47,3.47,20.4
24.76,145.2,2.13,0.01,1.25,2.04,1.5,10.33,13.61,6.78,4.63,20.54
20.74,145.4,2.91,0.01,1.44,2.04,1.5,10.34,15.65,3.38,2.09,19.83
17.37,109.5,3.4,0.01,1.59,2.31,1.5,14.85,16.85,3.8,4.8,16.79
17.03,112.6,1.1,0.01,1.59,2.38,1.5,14.85,16.77,3.42,4.42,16.84
24.18,146.4,2.74,0.01,1.0,2.09,1.5,13.0,15.57,5.25,3.25,19.75
19.46,112.5,2.71,0.01,1.19,2.48,1.5,14.62,17.06,2.12,0.25,17.45
21.54,147.0,2.62,0.01,1.01,2.09,1.5,12.15,14.11,5.09,4.09,20.02
24.25,146.9,1.2,0.01,2.59,2.38,1.5,14.42,17.46,1.03,0.57,17.05
15.36,145.1,2.67,0.01,1.0,2.04,1.5,13.52,13.61,2.49,2.49,19.88
24.22,122.9,2.22,0.01,1.53,2.17,1.5,11.85,15.99,5.95,1.95,20.34
20.74,101.3,1.13,0.01,1.0,2.04,1.5,10.34,10.8,2.09,2.09,19.37
23.65,116.3,1.81,0.01,1.07,2.06,1.5,10.07,15.43,3.39,3.92,20.22
17.29,133.2,2.23,0.01,1.36,2.22,1.5,14.4,17.92,4.09,1.09,17.91
24.82,148.7,2.15,0.01,1.54,2.42,1.5,11.29,13.75,3.89,1.89,20.03
19.84,147.5,2.35,0.01,2.19,2.2,1.5,11.19,17.25,6.17,0.17,19.86
17.02,113.7,2.41,0.01,1.8,2.12,1.5,12.69,14.39,4.61,3.61,20.64
22.85,136.6,2.98,0.01,1.0,2.11,1.5,10.25,16.68,7.21,3.47,19.42
24.48,113.6,2.64,0.01,1.13,2.48,1.5,14.62,17.01,2.23,0.23,17.6
22.7,106.5,3.0,0.01,1.0,2.07,1.5,14.53,15.35,4.92,4.92,19.54
23.97,127.2,1.43,0.01,2.12,2.35,1.5,10.55,15.4,5.22,1.29,19.39
24.87,116.5,1.04,0.01,1.09,2.43,1.5,12.83,13.41,3.83,3.83,20.42
15.1,134.3,1.04,0.01,2.3,2.46,1.5,13.89,16.73,0.91,2.52,19.63
16.07,110.2,3.82,0.01,1.36,2.02,1.5,10.87,12.78,0.35,1.35,19.95
19.49,117.4,1.15,0.01,2.57,2.06,1.5,14.24,17.16,2.31,3.22,17.61
24.51,147.8,2.76,0.01,1.0,2.48,1.5,11.09,13.82,6.01,4.55,20.15
16.1,147.9,1.07,0.01,1.97,2.41,1.5,14.22,14.36,3.1,3.1,20.22
22.23,108.8,2.98,0.01,1.0,2.32,1.5,10.2,16.51,6.78,4.26,19.81
24.69,113.2,1.2,0.01,2.52,2.46,1.5,13.96,17.01,3.59,1.3,19.83
17.46,117.0,3.04,0.01,1.6,2.26,1.5,10.14,15.15,7.1,4.82,19.1
24.04,137.5,2.05,0.01,1.79,2.45,1.5,12.14,17.72,6.24,1.24,20.17
24.22,122.9,2.22,0.01,1.53,2.17,1.5,11.31,16.76,6.39,2.02,19.24
16.47,145.0,1.04,0.01,2.45,2.43,1.5,11.51,15.19,4.66,3.66,20.5
20.67,131.0,1.14,0.01,1.84,2.03,1.5,13.52,15.36,3.97,2.97,19.96
22.85,136.6,2.98,0.01,1.0,2.13,1.5,10.06,16.68,8.12,3.47,21.03
15.12,126.9,1.01,0.01,3.91,2.48,1.5,14.4,17.29,2.33,0.58,18.07
19.54,110.2,3.56,0.01,1.0,2.02,1.5,10.87,17.88,7.83,2.99,19.89
15.19,126.9,1.01,0.01,3.91,2.46,1.5,14.03,17.01,4.4,2.52,18.81
22.17,109.4,3.1,0.01,1.0,2.08,1.5,13.28,14.07,4.72,4.72,19.79
19.34,116.7,2.27,0.01,2.22,2.06,1.5,13.9,14.42,5.68,5.68,19.47
24.51,126.9,2.76,0.01,1.0,2.48,1.5,10.86,17.73,2.7,0.76,20.5
15.1,117.8,1.01,0.01,3.93,2.26,1.5,13.92,15.12,2.33,2.52,20.18
23.65,116.9,2.86,0.01,1.0,2.23,1.5,12.13,12.5,6.84,6.84,20.64
16.83,139.6,3.72,0.01,1.37,2.36,1.5,14.2,17.48,6.54,6.88,17.65
24.85,147.4,2.57,0.01,1.0,2.32,1.5,12.83,13.75,3.78,3.78,20.82
23.71,122.9,1.01,0.01,2.34,2.35,1.5,10.22,16.73,6.81,2.56,20.01
24.93,131.7,2.6,0.01,1.04,2.31,1.5,11.26,16.34,6.73,1.73,20.41
19.48,145.0,1.88,0.01,1.03,2.06,1.5,10.1,10.58,2.1,2.1,18.99
16.01,119.8,3.3,0.01,1.92,2.29,1.5,14.84,17.46,2.62,0.62,16.71
22.33,135.8,2.72,0.01,1.0,2.11,1.5,10.44,11.74,2.77,2.82,19.75
16.12,120.1,1.2,0.01,1.5,2.38,1.5,14.84,17.46,0.61,2.61,16.48
21.01,113.6,1.08,0.01,2.66,2.37,1.5,10.11,14.77,3.04,2.87,18.96
24.49,137.5,2.05,0.01,1.11,2.44,1.5,10.74,17.72,4.18,0.79,20.16
16.09,111.8,1.2,0.01,1.42,2.38,1.5,14.54,17.46,0.87,1.33,16.6
24.55,126.2,1.01,0.01,2.74,2.46,1.5,10.79,17.32,5.85,1.13,20.2
24.22,120.8,1.01,0.01,1.49,2.38,1.5,11.85,15.97,6.81,2.81,18.91
20.82,144.8,2.59,0.01,1.82,2.43,1.5,12.7,13.23,2.56,2.56,19.69
17.27,141.9,2.36,0.01,2.48,2.45,1.5,11.67,15.19,0.05,0.05,20.3
19.48,146.0,2.93,0.01,1.68,2.23,1.5,10.1,12.19,8.07,6.85,20.58
24.02,111.1,2.27,0.01,1.49,2.08,1.5,10.55,17.97,7.21,1.01,19.51
16.74,131.3,3.28,0.01,1.56,2.33,1.5,13.34,16.41,1.18,0.16,20.45
15.94,121.4,2.49,0.01,1.35,2.17,1.5,11.31,16.74,5.8,6.6,19.47
21.16,119.0,2.26,0.01,2.02,2.08,1.5,14.43,17.93,4.16,3.91,16.56
22.47,117.1,2.46,0.01,1.2,2.32,1.5,10.14,15.15,7.6,2.6,20.2
19.49,111.3,1.16,0.01,2.62,2.38,1.5,10.89,12.93,2.29,1.06,20.55
19.4,112.8,1.02,0.01,2.52,2.4,1.5,10.21,17.2,7.86,6.4,20.78
17.29,113.2,1.27,0.01,1.39,2.44,1.5,14.24,17.52,0.24,1.3,17.39
24.87,144.8,2.65,0.01,1.01,2.32,1.5,13.64,13.75,4.38,4.38,20.08
21.99,127.5,1.74,0.01,2.4,2.12,1.5,12.12,12.98,0.92,0.92,20.75
23.91,122.1,2.57,0.01,1.29,2.45,1.5,12.79,14.01,3.74,4.62,20.6
22.7,100.5,3.07,0.01,1.0,2.41,1.5,10.06,15.4,7.63,2.63,20.47
15.43,126.5,2.38,0.01,1.86,2.41,1.5,13.24,17.37,2.0,2.48,18.38
18.67,119.8,1.2,0.01,2.69,2.38,1.5,14.84,17.36,2.62,0.62,16.86
22.85,136.6,2.97,0.01,1.0,2.13,1.5,13.65,14.3,3.47,3.47,19.93
15.02,125.5,1.01,0.01,2.58,2.38,1.5,14.56,17.46,3.3,1.3,17.39
22.34,112.6,3.11,0.01,1.0,2.31,1.5,14.89,16.85,3.11,3.65,15.95
24.76,145.1,2.62,0.01,1.0,2.06,1.5,10.1,13.61,6.01,4.63,21.34
22.83,114.7,2.72,0.01,1.07,2.08,1.5,10.35,17.35,3.75,2.8,20.45
24.81,136.1,2.67,0.01,1.0,2.32,1.5,12.83,16.66,4.38,1.53,20.58
24.5,145.8,1.2,0.01,1.0,2.38,1.5,14.54,15.52,1.3,1.3,19.05
22.04,134.4,1.37,0.01,2.47,2.12,1.5,10.21,12.98,0.77,0.93,19.84
17.03,112.6,3.19,0.01,1.59,2.29,1.5,14.85,16.77,3.37,4.37,16.77
24.96,144.8,2.62,0.01,1.01,2.32,1.5,13.64,13.78,4.26,4.26,20.13
22.18,100.5,3.1,0.01,1.0,2.1,1.5,10.06,13.56,7.47,4.87,20.19
24.25,110.7,1.2,0.01,2.52,2.36,1.5,14.71,17.47,0.91,1.28,15.8
24.13,113.2,2.82,0.01,1.0,2.44,1.5,14.11,17.52,0.24,1.3,17.8
16.14,144.9,2.27,0.01,1.09,2.1,1.5,11.48,11.77,1.46,1.46,19.85
19.37,116.9,2.24,0.01,2.21,2.06,1.5,14.19,14.42,5.75,5.75,19.11
24.82,131.4,1.97,0.01,1.72,2.43,1.5,11.29,16.34,6.83,1.83,20.2
16.15,147.4,2.33,0.01,2.74,2.2,1.5,11.19,12.9,4.15,3.15,19.89
24.22,122.9,2.19,0.01,1.53,2.17,1.5,11.31,16.97,6.39,1.56,19.44
23.97,126.3,1.43,0.01,2.4,2.34,1.5,10.78,15.45,5.09,1.29,19.69
24.86,145.0,2.61,0.01,1.0,2.07,1.5,11.58,14.21,5.93,3.93,20.34
24.22,122.9,1.01,0.01,2.34,2.38,1.5,14.71,16.05,1.58,0.58,18.61
22.33,136.3,2.59,0.01,1.48,2.11,1.5,10.44,13.11,2.77,2.54,19.95
24.85,132.3,1.69,0.01,1.97,2.3,1.5,13.5,14.28,1.64,1.64,19.73
17.16,131.9,1.04,0.01,2.46,2.42,1.5,14.4,15.05,4.8,4.8,20.0
22.03,108.8,2.98,0.01,1.0,2.32,1.5,13.58,14.15,0.75,0.75,20.01
16.09,119.2,1.2,0.01,1.47,2.38,1.5,14.82,17.46,2.2,2.73,15.4
24.13,113.1,2.59,0.01,1.19,2.48,1.5,14.62,17.01,2.21,0.21,17.62
16.09,105.1,1.8,0.01,2.38,2.38,1.5,12.08,17.34,0.87,1.33,18.93
22.38,139.4,2.93,0.01,1.13,2.11,1.5,13.16,15.63,6.91,4.91,19.88
19.46,113.8,3.13,0.01,1.0,2.06,1.5,13.55,17.05,7.77,4.77,20.23
20.82,144.8,2.59,0.01,1.75,2.09,1.5,12.7,17.78,2.56,2.56,19.56
24.22,122.7,1.01,0.01,2.34,2.12,1.5,11.71,15.97,4.16,2.72,20.37
16.99,112.6,3.23,0.01,1.79,2.08,1.5,14.85,16.52,5.63,4.84,16.9
22.24,112.6,3.11,0.01,1.0,2.31,1.5,14.89,16.78,3.11,3.65,16.06
16.49,146.9,1.2,0.01,1.43,2.38,1.5,14.57,17.46,1.03,1.34,16.44
21.71,145.4,1.87,0.01,1.86,2.08,1.5,10.1,15.43,4.37,4.32,20.56
24.5,133.7,2.68,0.01,1.0,2.11,1.5,10.44,11.83,2.77,2.82,19.86
23.93,111.8,1.19,0.01,2.65,2.38,1.5,10.81,17.47,3.3,1.3,20.55
19.18,119.8,1.19,0.01,2.74,2.39,1.5,13.87,17.38,2.52,5.52,19.87
24.25,109.6,1.2,0.01,1.55,2.08,1.5,11.86,17.47,3.28,1.28,19.57
24.95,147.4,2.65,0.01,1.0,2.32,1.5,12.81,13.75,3.3,3.3,20.04
18.67,119.8,1.17,0.01,1.04,2.38,1.5,11.01,13.41,2.65,0.65,20.42
24.51,138.1,2.68,0.01,1.0,2.12,1.5,10.06,13.13,6.47,3.47,19.59
16.09,145.5,1.2,0.01,1.47,2.06,1.5,14.84,17.46,0.77,0.58,15.03
24.16,112.9,2.37,0.01,1.38,2.44,1.5,14.24,17.52,4.07,1.3,18.71
16.15,106.8,1.1,0.01,2.78,2.2,1.5,11.19,17.23,10.1,5.02,19.74
23.97,127.2,1.43,0.01,2.4,2.35,1.5,10.55,15.4,5.22,1.29,19.41
24.76,144.7,1.14,0.01,1.0,2.05,1.5,10.08,13.61,2.13,3.04,21.09
17.31,113.7,2.21,0.01,2.5,2.07,1.5,14.84,17.47,9.4,7.4,16.58
22.9,147.9,2.97,0.01,1.0,2.13,1.5,10.06,13.77,6.47,3.47,20.53
24.18,113.8,2.74,0.01,1.0,2.09,1.5,13.0,17.51,0.39,1.31,19.6
16.04,145.5,1.2,0.01,1.37,2.38,1.5,14.73,17.46,0.92,0.6,15.83
19.48,145.4,1.92,0.01,1.86,2.06,1.5,10.1,15.53,3.86,4.25,20.83
24.87,119.1,2.41,0.01,1.19,2.13,1.5,12.72,14.39,4.37,3.62,20.84
22.69,109.4,1.11,0.01,1.0,2.42,1.5,13.54,15.41,3.48,2.48,20.9
24.25,145.8,1.2,0.01,2.52,2.08,1.5,14.42,17.46,3.4,0.57,18.93
24.51,147.8,1.13,0.01,1.0,2.48,1.5,11.22,13.82,6.01,4.55,19.84
17.35,133.4,2.36,0.01,2.51,2.46,1.5,14.4,17.85,3.29,0.29,18.46
20.16,139.1,1.02,0.01,2.22,2.44,1.5,13.93,14.31,5.34,5.34,20.05
17.45,140.4,2.03,0.01,1.55,2.38,1.5,10.97,11.02,0.07,0.07,19.82
23.91,132.0,1.09,0.01,1.56,2.44,1.5,10.58,17.49,2.96,1.6,20.23
19.49,111.3,1.19,0.01,2.62,2.38,1.5,10.89,17.26,2.29,1.06,19.63
17.3,132.1,3.28,0.01,1.59,2.29,1.5,14.88,16.77,4.0,4.84,16.71
24.55,126.2,1.07,0.01,2.17,2.46,1.5,10.56,17.14,5.85,1.13,20.6
16.2,145.1,1.04,0.01,2.45,2.42,1.5,10.05,15.28,4.63,3.67,20.1
20.74,145.0,2.61,0.01,1.0,2.04,1.5,10.34,10.8,2.09,2.09,19.34
16.01,119.8,1.31,0.01,2.69,2.38,1.5,11.97,17.38,2.47,2.85,20.09
24.4,125.4,1.58,0.01,1.54,2.13,1.5,11.26,16.38,7.03,2.21,19.98
24.0,114.0,2.26,0.01,1.51,2.08,1.5,14.15,17.98,4.01,1.01,18.58
16.32,120.1,1.2,0.01,1.5,2.38,1.5,14.84,17.44,4.61,2.61,16.87
15.1,127.5,1.01,0.01,3.91,2.46,1.5,14.0,17.32,0.85,2.51,19.15
19.58,120.3,1.01,0.01,1.49,2.38,1.5,11.85,15.97,6.81,2.87,19.15
20.06,135.7,1.07,0.01,1.98,2.44,1.5,14.22,14.25,6.94,6.94,20.04
17.52,133.2,2.17,0.01,2.5,2.42,1.5,12.85,13.34,7.74,7.74,20.18
19.8,106.2,1.01,0.01,3.23,2.13,1.5,12.11,15.02,2.38,2.67,20.41
24.43,126.1,1.58,0.01,2.11,2.38,1.5,13.5,14.32,4.25,4.25,19.76
19.38,116.7,2.27,0.01,1.57,2.28,1.5,13.9,14.42,3.89,3.89,19.28
15.29,118.0,1.01,0.01,3.91,2.46,1.5,13.98,17.32,2.33,2.52,18.24
23.84,111.8,1.2,0.01,2.58,2.38,1.5,14.43,17.46,0.87,0.46,16.92
19.83,121.0,1.39,0.01,2.74,2.06,1.5,11.01,13.45,3.37,2.28,20.61
22.13,146.4,2.74,0.01,1.0,2.09,1.5,13.0,15.48,5.25,3.25,19.49
24.96,131.8,2.13,0.01,1.51,2.31,1.5,11.26,16.23,5.8,1.8,20.28
24.55,126.2,1.02,0.01,2.58,2.46,1.5,14.51,17.31,3.13,1.13,17.73
24.22,122.9,2.22,0.01,1.52,2.16,1.5,14.81,15.99,3.77,2.77,18.37
17.72,133.2,1.83,0.01,1.0,2.04,1.5,14.42,15.08,3.33,3.33,19.91
24.51,147.8,2.76,0.01,1.0,2.48,1.5,14.88,17.81,2.57,0.68,15.81
22.82,112.5,1.08,0.01,2.59,2.38,1.5,10.03,16.48,3.03,1.03,19.06
16.08,131.2,1.14,0.01,1.84,2.36,1.5,11.27,15.35,7.03,3.03,19.84
24.93,119.4,1.26,0.01,1.19,2.13,1.5,12.72,14.42,0.55,1.55,19.42
17.06,135.0,2.74,0.01,2.28,2.14,1.5,12.3,17.97,8.7,4.25,20.25
22.7,147.1,2.32,0.01,1.74,2.41,1.5,10.05,15.38,5.06,0.06,19.68
24.22,121.2,1.01,0.01,1.49,2.38,1.5,11.85,15.97,6.81,2.81,18.93
15.1,127.3,2.52,0.01,2.89,2.46,1.5,14.07,17.32,6.21,4.63,18.41
24.76,145.2,2.13,0.01,1.25,2.04,1.5,10.33,13.67,6.78,4.1,20.74
16.12,120.1,1.25,0.01,1.51,2.38,1.5,13.98,17.97,0.61,2.61,18.71
24.18,127.7,1.09,0.01,1.0,2.09,1.5,13.0,15.63,5.19,3.19,19.79
19.5,127.4,1.51,0.01,1.48,2.14,1.5,11.31,16.76,8.75,3.75,19.69
24.55,144.9,2.69,0.01,1.06,2.46,1.5,10.79,17.26,5.85,1.13,20.36
16.93,115.9,1.12,0.01,2.55,2.38,1.5,14.85,16.92,3.42,4.42,16.31
16.2,134.5,1.16,0.01,2.26,2.2,1.5,11.19,17.56,8.52,4.88,20.28
19.15,122.6,2.41,0.01,2.21,2.12,1.5,10.04,14.42,5.68,5.61,20.68
24.26,112.7,2.62,0.01,1.0,2.04,1.5,10.02,13.6,6.0,4.27,21.0
22.96,104.3,2.24,0.01,1.71,2.06,1.5,14.05,14.42,5.62,5.62,19.77
15.17,146.7,2.13,0.01,1.25,2.04,1.5,10.77,17.43,6.22,4.1,19.82
22.33,136.3,2.55,0.01,1.48,2.11,1.5,10.29,13.34,2.77,2.54,19.89
24.25,111.8,1.2,0.01,1.48,2.36,1.5,14.54,17.47,0.77,1.28,16.58
22.36,135.8,2.93,0.01,1.14,2.11,1.5,13.0,14.25,5.91,4.91,19.97
22.33,134.5,2.72,0.01,1.35,2.11,1.5,10.21,11.74,2.77,2.8,19.92
21.99,145.2,1.54,0.01,2.38,2.12,1.5,11.54,12.98,0.15,0.93,20.24
21.99,132.6,1.76,0.01,2.38,2.12,1.5,12.12,12.65,0.6,0.6,20.1
21.71,132.7,1.81,0.01,1.56,2.44,1.5,10.37,15.57,4.35,4.26,20.41
24.54,147.8,2.64,0.01,1.0,2.38,1.5,14.88,17.81,0.74,0.65,14.56
24.78,109.9,2.41,0.01,1.2,2.02,1.5,10.47,15.4,5.29,1.29,19.32
16.32,122.7,1.2,0.01,2.31,2.37,1.5,14.84,17.43,4.61,2.61,16.83
19.4,112.8,3.59,0.01,1.0,2.09,1.5,14.64,17.17,7.4,5.4,17.67
22.78,119.3,1.38,0.01,2.49,2.42,1.5,14.84,17.5,3.4,2.72,15.45
24.29,131.3,2.72,0.01,1.0,2.12,1.5,12.3,17.91,5.79,0.79,19.34
24.77,120.5,2.68,0.01,1.0,2.32,1.5,13.64,13.82,4.26,4.26,20.24
22.72,106.7,1.13,0.01,2.12,2.18,1.5,10.74,15.4,5.92,4.88,20.21
24.7,132.1,2.02,0.01,1.68,2.38,1.5,10.97,11.15,0.96,0.96,19.69
16.99,110.9,3.24,0.01,1.78,2.06,1.5,14.92,16.52,5.84,4.84,16.76
15.77,145.7,1.01,0.01,2.35,2.46,1.5,10.22,16.73,6.05,0.05,20.04
24.24,125.9,1.69,0.01,1.21,2.22,1.5,12.15,15.08,5.41,3.41,19.84
19.34,119.8,2.41,0.01,2.21,2.16,1.5,14.81,17.82,2.5,0.77,15.89
15.14,113.9,2.75,0.01,2.65,2.46,1.5,14.23,17.51,7.5,6.5,17.7
17.29,133.2,2.21,0.01,1.36,2.22,1.5,12.11,12.95,1.09,1.09,20.69
17.19,127.3,2.41,0.01,2.57,2.02,1.5,10.56,15.31,5.15,1.15,19.73
24.4,128.6,1.58,0.01,1.54,2.13,1.5,14.45,16.38,2.96,2.22,18.31
24.97,126.1,1.63,0.01,1.18,2.12,1.5,13.5,14.32,3.71,3.71,19.85
24.48,113.6,1.08,0.01,2.59,2.38,1.5,10.03,12.93,3.03,1.03,20.05
24.9,131.8,2.11,0.01,1.49,2.11,1.5,11.26,16.14,5.83,1.83,20.25
16.09,119.2,1.2,0.01,1.47,2.12,1.5,10.25,17.46,2.2,0.82,20.62
24.76,119.4,2.48,0.01,1.0,2.03,1.5,10.16,13.61,6.79,4.63,20.43
16.88,142.2,1.07,0.01,1.97,2.1,1.5,14.22,14.54,8.5,8.5,19.76
22.7,106.0,1.14,0.01,2.48,2.08,1.5,14.01,15.51,5.79,4.79,20.15
17.09,113.6,2.27,0.01,2.45,2.07,1.5,14.4,17.97,4.42,7.11,17.9
24.22,110.7,1.2,0.01,2.52,2.36,1.5,14.71,15.94,0.91,1.3,18.3
17.06,135.1,1.1,0.01,1.59,2.12,1.5,12.35,16.8,3.14,4.42,19.54
16.32,120.1,1.04,0.01,1.01,2.38,1.5,14.96,17.44,4.57,2.57,16.5
24.96,144.9,2.64,0.01,1.0,2.32,1.5,13.62,15.34,3.7,2.7,20.63
22.7,106.5,1.07,0.01,1.0,2.41,1.5,10.05,15.38,2.53,0.86,20.26
24.48,106.8,1.1,0.01,2.61,2.22,1.5,11.07,17.23,7.28,1.28,19.93
21.16,119.0,2.26,0.01,2.02,2.13,1.5,14.43,17.9,4.16,3.87,16.59
23.93,111.8,1.2,0.01,2.58,2.44,1.5,14.54,17.46,3.3,1.31,17.55
22.99,100.5,1.1,0.01,1.6,2.41,1.5,10.06,15.25,7.63,2.63,20.42
17.06,107.3,2.68,0.01,2.34,2.14,1.5,12.3,17.77,9.39,4.39,19.57
24.48,143.4,1.08,0.01,2.66,2.38,1.5,10.34,12.94,2.78,0.78,20.34
18.23,116.6,1.07,0.01,2.2,2.41,1.5,10.24,15.38,9.92,4.92,20.09
22.34,113.2,3.05,0.01,1.0,2.31,1.5,12.5,16.73,3.11,3.29,19.82
16.01,119.2,1.45,0.01,1.47,2.38,1.5,14.82,17.46,2.2,2.73,15.33
16.09,144.4,1.2,0.01,2.51,2.06,1.5,14.83,17.46,0.91,0.55,15.13
20.18,144.7,1.07,0.01,2.0,2.31,1.5,13.63,13.88,8.5,8.5,19.6
24.44,125.9,1.58,0.01,2.11,2.12,1.5,13.5,15.64,4.25,2.91,18.98
22.04,135.7,1.37,0.01,1.1,2.12,1.5,10.44,13.29,0.77,0.95,19.86
16.2,134.3,2.36,0.01,1.07,2.48,1.5,10.21,11.76,0.2,1.2,19.99
18.67,117.5,1.2,0.01,2.69,2.38,1.5,14.84,17.66,2.62,0.94,15.75
23.91,146.0,1.22,0.01,1.86,2.06,1.5,14.04,17.34,2.98,1.67,18.95
15.83,145.5,1.19,0.01,1.46,2.48,1.5,14.84,17.46,2.6,0.6,16.71
17.15,119.1,1.72,0.01,2.12,2.13,1.5,12.72,14.39,4.37,3.62,20.85
24.22,120.3,1.01,0.01,1.53,2.38,1.5,14.71,16.06,1.58,0.58,18.53
23.93,112.3,1.2,0.01,1.56,2.38,1.5,14.54,17.46,3.61,1.61,17.6
19.95,146.2,1.39,0.01,2.73,2.1,1.5,11.01,13.41,3.37,2.28,20.67
17.12,127.2,1.45,0.01,2.57,2.35,1.5,13.82,15.39,2.29,1.29,18.69
17.51,140.1,2.13,0.01,1.54,2.31,1.5,11.26,16.21,6.68,2.68,19.74
17.42,134.9,2.48,0.01,1.73,2.08,1.5,12.76,17.97,5.73,7.53,19.82
24.14,123.2,2.46,0.01,1.06,2.37,1.5,11.67,11.76,0.05,0.05,20.36
24.48,111.1,1.76,0.01,1.93,2.12,1.5,13.5,14.87,3.93,3.65,19.39
19.49,127.4,1.88,0.01,2.21,2.02,1.5,10.7,14.42,5.62,2.62,19.59
18.67,119.1,1.2,0.01,2.69,2.38,1.5,13.9,14.33,5.53,5.53,19.78
23.91,133.3,1.16,0.01,1.48,2.26,1.5,14.57,17.15,2.96,1.61,17.13
21.99,134.4,1.78,0.01,2.36,2.12,1.5,14.41,17.94,0.93,0.92,16.62
15.07,109.9,1.57,0.01,2.13,2.46,1.5,14.34,17.41,5.29,4.77,17.51
24.25,109.6,1.2,0.01,2.52,2.08,1.5,11.45,17.47,7.09,1.28,19.65
19.44,111.6,3.36,0.01,1.22,2.06,1.5,14.64,17.17,6.98,6.39,16.56
22.22,135.8,2.74,0.01,1.0,2.32,1.5,10.44,11.74,2.65,2.82,19.76
19.58,145.9,1.01,0.01,1.49,2.42,1.5,12.02,15.97,5.87,2.87,19.72
20.3,112.6,3.24,0.01,1.25,2.41,1.5,14.85,16.6,5.63,4.84,16.72
17.93,133.9,2.46,0.01,2.41,2.18,1.5,12.85,17.87,9.82,4.82,18.47
24.15,128.4,1.01,0.01,2.71,2.44,1.5,14.15,15.19,4.66,3.66,18.4
24.25,122.9,1.01,0.01,2.34,2.38,1.5,14.71,17.58,1.58,0.56,15.68
24.72,143.8,2.62,0.01,1.0,2.02,1.5,10.57,17.17,7.11,1.11,20.02
17.03,112.5,2.74,0.01,2.28,2.41,1.5,14.79,17.93,7.25,4.25,17.2
24.18,146.4,2.74,0.01,1.0,2.09,1.5,12.83,15.57,5.25,3.25,19.55
22.7,100.5,1.36,0.01,2.56,2.41,1.5,10.06,13.84,5.73,2.73,19.77
24.51,147.8,2.76,0.01,1.0,2.48,1.5,14.97,17.81,2.68,0.68,15.48
16.19,126.2,1.09,0.01,2.58,2.44,1.5,14.62,17.31,3.2,1.2,17.36
24.87,119.1,2.41,0.01,1.19,2.08,1.5,12.72,14.39,4.37,3.66,20.83
20.82,100.5,1.11,0.01,2.63,2.45,1.5,12.79,13.23,2.57,2.57,19.57
24.1,109.9,2.71,0.01,1.03,2.02,1.5,12.81,15.4,3.29,1.29,19.43
17.22,146.4,1.46,0.01,1.0,2.09,1.5,10.74,15.57,5.29,3.25,20.74
24.58,119.1,2.41,0.01,1.26,2.12,1.5,13.87,14.42,4.0,4.0,19.47
19.45,111.6,2.2,0.01,1.22,2.06,1.5,14.64,17.99,6.98,5.55,15.98
22.29,144.8,2.62,0.01,1.01,2.32,1.5,14.74,17.95,3.93,0.93,17.62
19.53,112.8,1.13,0.01,1.15,2.06,1.5,14.64,17.17,3.36,1.36,17.81
24.15,112.6,1.13,0.01,2.01,2.31,1.5,14.91,16.85,3.0,2.0,16.25
24.28,132.8,1.03,0.01,2.48,2.08,1.5,12.74,17.47,0.94,1.25,19.92
19.59,120.3,1.11,0.01,1.49,2.38,1.5,11.85,15.97,6.72,2.72,18.76
19.37,119.1,2.24,0.01,2.22,2.06,1.5,14.19,14.42,4.2,4.2,18.87
15.07,112.4,1.57,0.01,2.74,2.46,1.5,14.34,17.41,3.0,4.79,17.84
24.95,111.7,1.44,0.01,2.15,2.04,1.5,10.55,15.36,5.28,1.28,19.24
24.17,122.3,1.07,0.01,2.56,2.41,1.5,11.81,14.84,5.81,2.81,20.55
24.54,147.8,2.64,0.01,1.03,2.39,1.5,14.88,17.81,0.74,0.65,14.44
24.7,145.2,2.13,0.01,1.25,2.42,1.5,10.32,13.67,6.78,4.63,20.47
24.86,100.5,1.12,0.01,2.56,2.41,1.5,13.39,15.4,4.74,2.74,19.89
24.95,146.4,2.6,0.01,1.0,2.09,1.5,12.83,14.29,4.3,3.3,20.86
19.94,106.8,1.11,0.01,2.61,2.21,1.5,11.07,13.44,4.19,2.19,19.93
17.02,113.7,1.04,0.01,2.51,2.08,1.5,14.4,17.97,10.24,7.37,17.9
24.8,111.0,1.2,0.01,1.42,2.31,1.5,14.71,16.1,0.91,1.32,17.93
24.25,122.9,2.32,0.01,1.47,2.38,1.5,14.71,17.97,1.58,0.56,15.24
22.04,134.4,1.37,0.01,2.47,2.12,1.5,10.21,15.46,4.9,2.96,19.38
15.96,122.9,1.01,0.01,2.5,2.38,1.5,14.71,16.0,1.58,0.58,18.42
22.36,134.9,2.94,0.01,1.13,2.11,1.5,13.17,15.58,6.93,4.93,19.84
24.86,145.0,2.61,0.01,1.0,2.07,1.5,11.55,14.17,5.93,3.94,20.41
16.93,115.9,1.34,0.01,2.55,2.38,1.5,14.85,17.29,5.71,4.42,15.77
15.99,113.3,3.59,0.01,1.0,2.06,1.5,14.83,17.17,0.8,2.8,16.81
16.08,131.3,1.14,0.01,1.55,2.31,1.5,11.29,15.35,7.01,3.01,19.93
19.45,116.5,2.24,0.01,1.02,2.32,1.5,14.14,14.19,5.75,5.75,19.56
19.34,119.7,2.41,0.01,2.21,2.18,1.5,13.84,14.42,5.68,5.68,19.48
24.87,113.9,2.26,0.01,1.4,2.31,1.5,13.64,13.75,4.22,4.22,20.27
24.64,106.8,1.1,0.01,2.58,2.22,1.5,11.07,17.94,6.42,0.42,20.15
24.48,110.1,1.77,0.01,1.24,2.19,1.5,14.08,15.19,4.33,3.33,19.15
17.37,119.2,1.45,0.01,1.47,2.38,1.5,14.89,17.46,2.2,2.73,15.05
24.48,109.9,1.08,0.01,2.13,2.0,1.5,10.03,12.88,3.06,1.06,19.94
17.25,115.9,1.12,0.01,2.55,2.38,1.5,14.72,16.92,3.39,4.42,16.72
24.98,112.5,2.66,0.01,1.0,2.41,1.5,14.51,17.32,2.7,0.7,17.58
16.98,145.0,2.61,0.01,1.0,2.07,1.5,11.61,16.41,5.84,3.93,20.19
17.29,145.0,2.13,0.01,2.5,2.14,1.5,14.45,17.84,6.76,5.7,16.57
16.42,122.7,1.2,0.01,2.57,2.44,1.5,14.54,16.91,4.61,2.61,18.01
15.24,113.9,2.69,0.01,2.67,2.26,1.5,14.67,15.56,6.51,6.51,18.51
21.26,147.8,2.76,0.01,1.0,2.48,1.5,15.0,17.81,2.57,0.68,15.45
16.99,112.0,1.03,0.01,2.33,2.08,1.5,14.95,16.52,3.82,2.82,16.9
24.22,115.2,1.2,0.01,2.52,2.36,1.5,14.71,15.94,0.91,1.29,18.22
22.72,100.7,1.23,0.01,2.63,2.41,1.5,10.06,13.62,5.7,2.7,19.91
22.66,106.5,1.07,0.01,2.56,2.41,1.5,10.45,14.99,5.23,1.23,19.63
21.77,134.4,1.78,0.01,2.36,2.12,1.5,14.41,15.0,0.82,0.82,20.04
24.22,142.4,2.22,0.01,1.53,2.17,1.5,11.27,16.76,7.02,2.02,19.99
23.67,146.0,1.22,0.01,1.86,2.06,1.5,14.04,17.34,2.98,0.63,19.05
19.23,111.1,1.76,0.01,1.95,2.18,1.5,13.87,14.87,3.83,3.65,19.57
21.15,119.0,3.28,0.01,1.0,2.08,1.5,14.43,17.06,4.16,3.88,17.65
24.63,134.4,1.78,0.01,1.88,2.12,1.5,13.64,13.65,0.93,0.93,0.0
23.8,111.8,2.87,0.01,1.0,2.38,1.5,14.54,17.46,3.3,1.74,17.32
22.41,122.7,3.03,0.01,1.04,2.12,1.5,11.65,15.97,4.16,2.72,20.32
17.25,111.1,2.14,0.01,2.52,2.36,1.5,14.81,17.97,10.74,7.74,17.45
16.0,119.2,1.52,0.01,1.47,2.38,1.5,14.82,17.46,2.2,2.88,15.37
21.16,116.8,2.26,0.01,2.01,2.12,1.5,14.43,17.9,5.71,3.87,16.97
24.25,109.6,1.2,0.01,2.13,2.08,1.5,14.71,17.47,3.26,1.26,16.92
16.57,143.4,1.93,0.01,1.21,2.02,1.5,10.33,13.65,5.24,4.64,19.78
22.75,107.1,1.01,0.01,3.04,2.38,1.5,10.11,15.97,6.81,4.28,19.91
16.09,145.5,1.2,0.01,1.47,2.05,1.5,14.84,17.46,0.77,0.58,15.03
19.14,145.9,1.0,0.01,1.49,2.04,1.5,12.03,15.97,5.84,2.84,19.7
22.78,127.9,1.56,0.01,1.18,2.12,1.5,10.21,14.32,3.79,2.66,20.82
24.18,147.4,2.64,0.01,1.02,2.32,1.5,12.81,15.57,3.39,3.25,20.21
24.49,146.2,1.39,0.01,2.29,2.1,1.5,11.01,17.2,3.17,1.31,20.63
24.15,128.4,2.25,0.01,1.57,2.44,1.5,14.41,15.12,3.69,3.69,19.22
24.73,144.8,2.64,0.01,1.01,2.32,1.5,10.17,13.75,4.23,4.38,20.96
24.84,131.5,2.13,0.01,1.54,2.36,1.5,11.31,15.94,5.81,1.81,20.31
17.29,133.2,1.01,0.01,2.34,2.08,1.5,14.4,17.5,10.4,7.4,18.34
16.08,131.2,1.14,0.01,1.85,2.03,1.5,11.29,12.87,1.25,0.98,21.07
24.34,144.4,1.2,0.01,2.35,2.06,1.5,14.83,17.51,0.91,0.55,15.16
24.52,148.6,2.75,0.01,1.0,2.5,1.5,14.84,17.79,2.2,0.67,15.77
24.24,125.9,1.66,0.01,2.05,2.12,1.5,14.21,15.13,3.63,3.63,19.54
22.7,100.5,1.14,0.01,2.56,2.41,1.5,10.06,14.02,3.44,2.73,20.21
19.5,145.3,1.2,0.01,2.66,2.06,1.5,14.64,17.46,2.55,0.55,17.3
24.82,131.7,2.13,0.01,1.48,2.03,1.5,11.26,16.48,4.53,1.7,20.29
24.8,147.7,2.62,0.01,1.0,2.06,1.5,12.36,14.4,2.84,3.22,19.36
24.44,125.9,1.61,0.01,2.09,2.12,1.5,13.53,15.35,3.91,2.91,19.93
17.02,144.6,2.65,0.01,1.03,2.09,1.5,14.4,17.97,4.34,7.14,18.06
21.99,134.4,1.14,0.01,2.38,2.12,1.5,10.04,15.38,0.85,0.87,19.37
17.08,133.2,2.49,0.01,2.48,2.08,1.5,12.85,17.26,11.74,7.74,18.98
24.15,129.4,1.02,0.01,2.71,2.46,1.5,10.62,15.07,4.66,3.45,20.1
15.07,109.9,1.52,0.01,2.36,2.46,1.5,14.34,17.41,5.29,4.77,17.37
17.14,113.6,1.43,0.01,2.66,2.42,1.5,10.55,14.7,2.99,1.26,20.06
24.25,122.9,1.01,0.01,2.34,2.41,1.5,14.84,17.58,1.61,0.56,15.27
15.86,126.2,1.02,0.01,2.1,2.46,1.5,14.79,17.92,3.13,1.16,16.02
24.98,131.6,2.41,0.01,1.17,2.04,1.5,10.26,13.52,7.5,4.5,20.12
23.83,111.8,1.2,0.01,2.32,2.37,1.5,14.91,17.43,3.29,1.31,16.37
24.17,146.4,2.74,0.01,1.0,2.09,1.5,12.83,17.19,5.25,1.64,19.31
24.58,134.4,1.32,0.01,2.34,2.12,1.5,10.04,12.98,0.77,0.93,19.89
24.22,123.5,2.79,0.01,1.0,2.38,1.5,11.85,15.97,6.81,2.81,19.01
22.06,117.5,1.38,0.01,2.73,2.08,1.5,11.01,13.45,4.35,2.36,20.21
21.92,112.4,3.11,0.01,1.0,2.31,1.5,14.89,17.07,3.11,3.68,15.55
23.93,111.8,1.2,0.01,2.58,2.38,1.5,14.19,17.44,3.96,1.63,18.3
24.69,111.1,1.76,0.01,1.89,2.12,1.5,13.5,17.79,4.04,0.52,19.59
22.98,124.5,2.96,0.01,1.0,2.13,1.5,11.31,16.84,6.43,3.18,20.12
24.55,115.1,1.02,0.01,2.58,2.46,1.5,14.63,17.31,3.13,1.13,17.37
24.96,113.6,1.11,0.01,2.55,2.38,1.5,10.01,12.89,2.94,4.33,19.93
15.14,125.0,2.69,0.01,2.68,2.25,1.5,14.51,17.18,7.5,6.5,17.2
