X1,X2,X3,X4,X5,X6,X7,X8,X9,X10,X11,ANG,AVG,RIP
19.17,136.0,1.0,0.01,1.91,2.08,1.5,10.46,11.49,5.53,6.35,-36.0,-1517.37,54.26
20.39,121.0,3.06,0.01,1.43,2.44,1.5,10.14,15.36,6.68,7.25,-33.0,-1704.61,74.2
16.4,109.9,3.4,0.01,1.74,2.16,1.5,13.46,17.01,4.36,1.36,-42.0,-1403.84,39.09
19.48,145.4,1.88,0.01,1.86,2.06,1.5,10.1,15.43,3.39,4.25,-48.0,-1489.49,97.97
16.39,140.4,2.19,0.01,1.5,2.46,1.5,11.74,16.01,11.62,10.6,-25.0,-1670.89,88.22
21.24,137.5,2.05,0.01,1.81,2.45,1.5,12.14,17.72,9.04,4.04,-36.0,-1762.65,39.44
16.15,147.5,2.35,0.01,2.74,2.2,1.5,11.19,17.23,6.05,0.05,-38.0,-1418.08,30.35
21.17,116.3,2.58,0.01,1.71,2.18,1.5,14.54,14.99,0.25,0.25,-43.0,-1707.37,66.63
24.23,135.6,1.37,0.01,1.06,2.02,1.5,10.14,11.97,7.8,6.8,-32.0,-2031.74,52.97
15.45,105.4,1.68,0.01,3.14,2.28,1.5,10.06,10.58,9.09,9.09,-39.0,-1172.32,54.38
17.03,112.6,3.23,0.01,1.59,2.29,1.5,14.85,16.77,3.84,4.84,-48.0,-1316.48,53.62
21.2,141.4,1.47,0.01,1.06,2.04,1.5,12.43,14.85,7.08,5.08,-38.0,-1786.71,65.38
24.25,113.2,1.2,0.01,2.59,2.38,1.5,14.54,17.46,0.22,1.3,-39.0,-1721.55,48.45
20.5,146.3,3.47,0.01,1.0,2.48,1.5,10.87,11.01,2.16,2.16,-44.0,-1486.51,79.45
24.4,129.1,2.77,0.01,1.0,2.46,1.5,12.3,14.37,6.23,4.23,-33.0,-1960.7,53.21
16.84,139.4,2.84,0.01,1.16,2.21,1.5,13.4,17.35,0.01,3.01,-43.0,-1298.91,70.03
23.58,137.8,2.86,0.01,1.0,2.16,1.5,13.35,13.61,5.81,5.81,-32.0,-2136.13,62.54
22.98,144.0,2.96,0.01,1.0,2.13,1.5,11.26,16.84,8.18,3.18,-32.0,-1873.91,37.43
20.72,136.7,2.56,0.01,1.84,2.28,1.5,12.33,12.74,1.09,1.09,-46.0,-1626.46,71.65
15.8,149.1,1.54,0.01,3.44,2.44,1.5,13.44,14.56,2.58,3.58,-48.0,-1177.7,59.75
20.0,136.4,1.62,0.01,1.74,2.42,1.5,12.08,14.93,3.63,1.63,-45.0,-1411.09,54.2
20.19,139.3,1.07,0.01,1.97,2.44,1.5,14.22,14.31,8.5,8.5,-30.0,-1930.73,58.55
23.26,142.7,1.3,0.01,2.66,2.35,1.5,13.05,16.4,0.55,3.34,-39.0,-1750.78,70.2
18.0,107.2,3.7,0.01,1.21,2.48,1.5,13.18,17.95,8.74,7.05,-36.0,-1558.52,57.71
16.35,117.8,1.08,0.01,1.48,2.38,1.5,10.15,12.93,13.08,11.08,-25.0,-1502.89,83.71
21.91,109.4,2.33,0.01,1.9,2.5,1.5,11.02,11.98,4.19,4.19,-44.0,-1566.84,78.91
24.48,111.1,1.8,0.01,1.24,2.22,1.5,10.55,15.07,7.45,3.45,-43.0,-1735.41,44.53
15.67,122.9,1.34,0.01,1.08,2.38,1.5,11.97,15.98,7.24,7.2,-25.0,-1353.64,99.5
19.78,123.7,3.41,0.01,1.18,2.45,1.5,10.19,16.19,2.01,7.03,-32.0,-1610.1,87.51
15.1,126.9,1.01,0.01,3.85,2.46,1.5,13.98,17.32,2.33,2.52,-48.0,-1027.33,87.43
16.88,131.1,3.72,0.01,1.37,2.36,1.5,13.66,17.27,6.41,4.0,-43.0,-1324.69,37.61
20.34,115.7,3.45,0.01,1.0,2.22,1.5,12.56,17.51,0.5,4.5,-36.0,-1575.79,74.29
23.91,101.4,2.57,0.01,1.29,2.43,1.5,12.79,15.52,5.57,3.57,-41.0,-1699.82,54.29
24.32,146.8,2.72,0.01,1.0,2.12,1.5,10.44,11.82,3.8,2.8,-44.0,-1875.43,71.03
21.07,120.7,3.35,0.01,1.0,2.35,1.5,11.2,14.59,3.91,0.91,-43.0,-1404.51,59.55
17.29,133.2,2.49,0.01,2.48,2.08,1.5,12.85,17.97,12.74,7.74,-43.0,-1685.47,28.19
24.76,145.1,2.62,0.01,1.0,2.04,1.5,10.33,13.61,6.01,4.63,-33.0,-2085.18,57.58
16.68,148.6,3.3,0.01,1.81,2.32,1.5,13.34,13.82,0.21,0.21,-45.0,-1395.11,48.53
19.92,136.5,2.41,0.01,2.09,2.07,1.5,10.05,16.07,5.12,7.01,-40.0,-1713.68,90.44
17.2,116.9,2.57,0.01,2.44,2.23,1.5,10.62,12.5,8.07,9.07,-45.0,-1390.52,81.95
22.7,106.5,1.07,0.01,2.56,2.41,1.5,10.06,15.38,9.92,4.92,-44.0,-1520.31,25.55
24.15,132.2,1.02,0.01,2.45,2.43,1.5,14.15,15.19,4.66,3.66,-41.0,-1884.9,41.33
17.74,128.0,3.02,0.01,1.93,2.43,1.5,10.98,15.98,4.63,9.28,-33.0,-1607.12,96.05
19.28,140.4,2.06,0.01,1.64,2.38,1.5,11.54,15.87,7.54,3.54,-46.0,-1398.99,52.14
17.14,109.9,1.43,0.01,2.13,2.02,1.5,10.55,15.4,5.29,1.29,-48.0,-1287.96,37.18
17.32,110.4,3.75,0.01,1.24,2.28,1.5,11.52,16.68,6.96,9.0,-34.0,-1575.6,80.39
22.06,123.9,1.38,0.01,2.74,2.08,1.5,11.01,13.45,4.35,2.35,-48.0,-1655.2,51.89
22.29,109.4,2.93,0.01,1.15,2.1,1.5,13.0,15.99,6.72,4.72,-39.0,-1810.6,53.63
17.95,136.6,3.84,0.01,1.07,2.39,1.5,10.28,16.68,3.08,6.32,-34.0,-1449.66,88.48
20.08,113.1,2.07,0.01,1.32,2.4,1.5,10.53,17.89,2.83,5.04,-39.0,-1439.18,80.97
15.45,139.4,1.57,0.01,2.58,2.37,1.5,10.75,14.41,3.47,6.47,-47.0,-1060.07,81.55
22.23,108.8,3.16,0.01,1.0,2.43,1.5,12.79,13.23,7.55,7.55,-32.0,-1894.64,61.43
24.87,113.9,1.01,0.01,2.67,2.43,1.5,13.64,14.13,3.99,3.99,-44.0,-1755.14,40.25
21.14,116.2,2.37,0.01,1.97,2.42,1.5,12.13,12.77,3.54,3.54,-45.0,-1563.97,78.59
19.33,145.5,2.82,0.01,1.82,2.25,1.5,12.49,16.74,1.08,5.08,-42.0,-1565.93,90.85
24.43,125.9,1.58,0.01,2.11,2.12,1.5,13.5,14.32,4.25,4.25,-43.0,-1972.93,63.92
19.4,112.8,3.41,0.01,1.19,2.06,1.5,14.64,17.17,7.86,6.43,-38.0,-1788.33,40.38
15.14,135.8,2.69,0.01,2.68,2.26,1.5,13.96,15.57,7.5,6.5,-48.0,-1387.28,69.04
21.48,109.0,1.97,0.01,1.52,2.2,1.5,11.21,13.26,7.13,5.13,-45.0,-1586.52,68.68
24.82,131.8,2.13,0.01,1.54,2.31,1.5,11.26,16.34,6.83,1.83,-36.0,-1777.83,29.99
18.3,134.9,1.81,0.01,3.0,2.15,1.5,12.72,13.9,11.79,10.79,-33.0,-1745.84,69.47
16.84,129.3,3.69,0.01,1.41,2.46,1.5,11.39,14.87,6.65,3.65,-46.0,-1169.69,43.19
15.14,120.8,3.82,0.01,1.58,2.39,1.5,10.87,12.74,2.31,3.31,-48.0,-1099.21,61.17
21.99,134.4,1.76,0.01,2.38,2.12,1.5,12.12,12.98,0.92,0.92,-47.0,-1733.92,66.92
21.32,135.4,2.84,0.01,1.41,2.08,1.5,10.75,14.11,5.94,2.94,-45.0,-1634.57,67.98
19.63,121.4,2.49,0.01,1.48,2.17,1.5,11.31,16.76,11.62,6.62,-39.0,-1695.23,33.48
21.07,107.3,2.53,0.01,1.83,2.43,1.5,13.36,15.07,2.0,3.0,-46.0,-1495.64,81.66
24.87,147.4,2.66,0.01,1.0,2.32,1.5,12.83,13.75,4.38,4.38,-32.0,-2138.87,57.74
16.08,131.2,1.14,0.01,1.85,2.03,1.5,13.52,15.35,4.01,3.01,-48.0,-1161.56,46.54
22.47,117.0,3.08,0.01,1.0,2.26,1.5,10.14,15.15,5.61,3.67,-42.0,-1565.82,66.19
19.34,119.1,2.41,0.01,2.21,2.18,1.5,13.87,14.42,5.68,5.68,-47.0,-1623.8,75.69
16.97,129.3,3.74,0.01,1.35,2.48,1.5,11.39,14.87,6.65,6.66,-42.0,-1311.94,72.41
20.45,147.5,3.43,0.01,1.0,2.21,1.5,10.87,16.48,2.16,2.16,-40.0,-1470.41,74.02
21.32,135.4,2.84,0.01,1.29,2.08,1.5,10.75,15.58,5.95,2.96,-44.0,-1599.9,61.69
15.79,106.6,3.38,0.01,1.74,2.16,1.5,13.46,17.12,4.36,1.36,-42.0,-1366.05,41.13
24.48,111.1,1.76,0.01,1.24,2.22,1.5,12.15,15.11,5.41,3.41,-43.0,-1770.02,57.82
22.47,117.1,2.87,0.01,1.21,2.3,1.5,10.14,15.15,7.18,3.67,-43.0,-1566.37,54.39
19.92,136.5,2.41,0.01,2.09,2.07,1.5,10.05,16.29,5.12,6.79,-40.0,-1719.5,88.47
24.13,113.2,1.27,0.01,2.54,2.38,1.5,14.29,17.52,0.18,1.3,-38.0,-1711.74,52.4
22.7,106.7,1.15,0.01,2.56,2.18,1.5,14.01,15.39,5.91,4.91,-46.0,-1726.61,51.86
22.23,108.8,3.16,0.01,1.0,2.43,1.5,12.79,13.23,7.54,7.54,-32.0,-1893.36,61.58
15.34,139.4,1.57,0.01,2.58,2.0,1.5,10.55,14.42,3.47,1.29,-48.0,-1327.61,48.7
20.34,117.6,2.76,0.01,1.0,2.22,1.5,12.56,13.46,0.5,0.5,-45.0,-1464.27,71.86
22.37,135.8,2.93,0.01,1.14,2.11,1.5,13.0,15.57,6.91,4.91,-35.0,-2003.77,53.1
18.3,133.9,2.19,0.01,1.45,2.16,1.5,12.72,15.99,11.62,8.71,-33.0,-1803.35,50.78
24.87,114.3,1.01,0.01,1.43,2.31,1.5,13.61,14.13,3.99,3.99,-40.0,-1845.58,54.08
23.26,111.0,1.29,0.01,2.66,2.35,1.5,12.09,16.65,0.55,3.09,-44.0,-1571.4,75.98
20.39,107.1,2.51,0.01,1.43,2.43,1.5,10.14,15.36,6.72,7.25,-37.0,-1596.85,78.63
16.84,136.4,3.8,0.01,1.16,2.21,1.5,13.4,17.35,2.88,2.88,-41.0,-1336.49,47.22
24.24,125.9,1.69,0.01,2.05,2.12,1.5,13.5,14.74,3.93,3.94,-44.0,-1940.38,65.45
16.07,127.5,3.82,0.01,1.41,2.35,1.5,10.87,12.74,2.31,2.99,-47.0,-1178.78,59.93
21.99,134.4,1.76,0.01,2.38,2.48,1.5,12.12,16.02,0.92,0.92,-41.0,-1550.92,67.09
18.0,107.2,2.12,0.01,1.21,2.28,1.5,11.13,16.34,8.82,6.96,-42.0,-1326.79,58.56
23.91,109.5,2.86,0.01,1.0,2.43,1.5,12.79,15.52,5.52,3.57,-37.0,-1765.66,52.5
20.72,131.2,2.56,0.01,1.83,2.27,1.5,12.33,13.11,1.09,1.09,-46.0,-1616.87,72.24
17.32,110.4,3.75,0.01,1.24,2.28,1.5,11.52,16.68,7.84,9.0,-34.0,-1577.99,77.05
19.47,146.8,1.88,0.01,1.86,2.06,1.5,10.21,15.43,2.01,7.01,-38.0,-1638.57,111.47
22.7,100.5,1.12,0.01,2.56,2.41,1.5,10.06,15.4,7.63,2.63,-46.0,-1395.18,21.38
20.34,115.7,3.36,0.01,1.0,2.2,1.5,12.53,17.51,0.5,0.06,-35.0,-1419.26,67.55
15.15,139.3,1.08,0.01,1.97,2.44,1.5,10.9,14.31,2.45,3.35,-45.0,-826.27,64.12
22.89,109.4,2.93,0.01,1.04,2.1,1.5,13.0,13.57,4.72,4.72,-43.0,-1757.09,72.16
22.85,136.6,2.97,0.01,1.0,2.13,1.5,10.25,16.68,8.12,3.47,-33.0,-1781.21,41.01
15.8,136.2,1.55,0.01,3.62,2.41,1.5,13.44,14.56,2.58,3.58,-48.0,-1166.54,61.68
21.52,109.0,2.01,0.01,1.52,2.2,1.5,11.21,13.26,5.64,5.13,-45.0,-1594.53,78.71
19.92,136.5,2.41,0.01,2.09,2.07,1.5,10.45,15.64,5.12,7.01,-40.0,-1740.55,94.3
20.79,106.2,1.01,0.01,3.41,2.46,1.5,13.98,15.02,2.33,2.67,-47.0,-1331.37,35.04
24.96,119.1,2.41,0.01,1.19,2.13,1.5,12.72,14.42,4.37,3.62,-40.0,-1936.56,62.22
19.62,119.9,1.03,0.01,1.48,2.08,1.5,11.38,11.49,5.98,5.98,-32.0,-1541.73,58.37
17.29,133.2,2.27,0.01,2.51,2.08,1.5,14.4,17.97,10.4,7.4,-44.0,-1711.4,42.82
24.48,113.6,1.08,0.01,2.66,2.38,1.5,10.03,12.93,3.03,1.03,-45.0,-1587.45,45.81
24.51,146.4,2.76,0.01,1.0,2.48,1.5,10.86,13.82,6.01,4.55,-31.0,-2014.82,52.46
24.22,122.9,1.01,0.01,2.34,2.38,1.5,11.85,15.97,6.81,2.81,-42.0,-1728.26,24.76
23.4,142.7,1.3,0.01,2.63,2.35,1.5,13.05,16.4,0.55,3.2,-39.0,-1786.42,67.66
19.5,121.4,2.44,0.01,1.48,2.14,1.5,11.31,16.76,8.75,3.75,-46.0,-1472.13,44.5
16.2,146.3,2.35,0.01,2.74,2.48,1.5,11.19,11.76,0.05,0.05,-46.0,-1223.57,44.16
19.4,112.8,3.59,0.01,1.0,2.06,1.5,14.64,17.17,7.86,6.43,-37.0,-1786.35,38.47
23.91,101.4,2.57,0.01,1.29,2.43,1.5,12.79,14.05,4.55,3.55,-43.0,-1690.79,65.89
19.17,136.6,1.07,0.01,1.91,2.08,1.5,10.46,11.38,5.53,5.53,-39.0,-1460.24,51.69
23.65,116.9,2.86,0.01,1.0,2.23,1.5,10.07,12.5,8.07,6.85,-34.0,-1924.89,58.62
21.14,116.2,2.41,0.01,1.93,2.42,1.5,10.53,12.73,3.56,3.84,-45.0,-1519.49,86.85
16.35,117.8,1.08,0.01,1.48,2.38,1.5,10.15,12.93,13.08,12.11,-25.0,-1554.56,85.42
20.49,147.4,1.05,0.01,1.02,2.32,1.5,12.73,13.81,4.63,4.12,-40.0,-1563.17,64.03
17.45,140.4,2.02,0.01,2.59,2.38,1.5,10.97,11.02,0.96,0.96,-46.0,-1300.11,35.52
19.34,116.4,2.34,0.01,2.32,2.41,1.5,10.04,14.41,5.84,4.93,-47.0,-1385.55,83.47
15.1,126.9,1.01,0.01,3.91,2.46,1.5,13.98,17.32,2.33,2.52,-48.0,-1031.41,88.5
17.25,105.7,1.43,0.01,2.13,2.4,1.5,10.75,15.39,5.29,6.47,-44.0,-1120.51,77.84
24.76,143.2,2.62,0.01,1.0,2.04,1.5,10.33,17.65,6.01,0.59,-31.0,-1624.71,56.62
15.93,109.4,2.69,0.01,1.14,2.25,1.5,13.96,15.99,6.72,6.31,-46.0,-1223.84,50.34
16.39,140.4,1.81,0.01,3.05,2.45,1.5,11.74,13.92,11.79,10.6,-35.0,-1517.28,79.0
24.82,131.4,2.13,0.01,1.56,2.43,1.5,11.29,16.34,6.83,1.83,-35.0,-1762.34,29.45
21.07,121.2,3.08,0.01,1.28,2.44,1.5,13.36,15.07,1.96,2.96,-44.0,-1517.85,78.55
17.81,139.6,2.88,0.01,1.07,2.39,1.5,10.28,16.68,0.1,6.1,-36.0,-1348.59,102.68
17.92,128.0,3.02,0.01,1.89,2.43,1.5,10.98,15.98,4.64,9.1,-33.0,-1618.75,95.1
15.15,120.8,1.14,0.01,1.6,2.07,1.5,13.52,15.35,4.01,3.33,-44.0,-1033.46,42.75
16.39,140.4,2.19,0.01,1.5,2.09,1.5,11.74,12.97,11.6,10.6,-26.0,-1592.97,76.09
24.82,131.8,2.71,0.01,1.0,2.48,1.5,13.16,17.42,4.76,0.76,-27.0,-1652.63,51.95
22.23,100.8,2.57,0.01,1.0,2.43,1.5,12.79,13.23,7.47,7.47,-33.0,-1813.47,63.9
24.4,129.1,2.77,0.01,1.0,2.47,1.5,12.3,14.37,0.76,2.76,-42.0,-1705.12,80.97
16.88,123.9,3.67,0.01,1.37,2.36,1.5,11.05,16.89,6.41,4.0,-45.0,-1169.84,50.19
19.4,112.8,3.41,0.01,1.18,2.06,1.5,14.64,17.17,6.98,6.43,-38.0,-1779.83,43.13
19.79,123.7,3.41,0.01,1.18,2.45,1.5,10.08,16.19,3.39,4.03,-42.0,-1332.96,84.81
16.6,129.3,3.69,0.01,1.41,2.46,1.5,11.52,14.87,6.65,4.08,-46.0,-1168.0,45.39
16.15,147.5,2.35,0.01,2.74,2.22,1.5,11.22,17.23,6.05,4.58,-48.0,-1339.44,65.61
19.42,115.7,2.88,0.01,1.69,2.22,1.5,13.66,16.08,2.11,2.11,-45.0,-1511.98,71.01
18.08,144.0,3.83,0.01,1.06,2.4,1.5,11.29,16.84,3.14,3.18,-41.0,-1275.73,68.06
21.32,148.3,2.83,0.01,1.37,2.09,1.5,10.75,14.11,5.94,2.94,-45.0,-1645.77,66.68
22.43,117.0,3.04,0.01,1.0,2.26,1.5,10.14,15.15,7.1,3.67,-42.0,-1552.52,54.77
21.91,109.4,2.33,0.01,1.89,2.49,1.5,10.08,12.41,3.09,4.19,-45.0,-1498.58,91.44
16.68,109.8,2.71,0.01,1.73,2.16,1.5,13.46,17.01,4.36,6.69,-48.0,-1344.02,78.75
15.43,128.0,2.53,0.01,1.83,2.43,1.5,13.36,17.37,2.0,3.0,-46.0,-1152.92,60.7
19.18,137.5,2.49,0.01,1.91,2.17,1.5,10.45,16.76,11.74,6.6,-40.0,-1695.74,34.56
21.17,116.4,2.49,0.01,1.71,2.18,1.5,12.99,14.99,0.25,0.64,-44.0,-1649.73,76.13
16.09,119.8,1.2,0.01,1.47,2.38,1.5,14.84,17.46,0.72,2.72,-39.0,-1062.42,60.2
20.74,145.0,2.61,0.01,1.0,2.04,1.5,10.34,10.8,2.09,2.09,-45.0,-1640.15,76.53
15.61,132.2,1.57,0.01,1.1,2.43,1.5,14.27,14.97,3.44,3.44,-42.0,-984.46,56.07
23.93,111.8,1.2,0.01,2.58,2.38,1.5,14.54,17.46,3.3,1.3,-40.0,-1715.54,35.92
22.03,122.4,2.93,0.01,1.15,2.11,1.5,13.0,16.4,6.72,4.58,-37.0,-1858.87,50.51
24.32,147.5,2.72,0.01,1.0,2.12,1.5,10.51,11.82,3.23,2.81,-44.0,-1881.13,74.01
16.4,132.6,1.14,0.01,1.86,2.03,1.5,13.52,14.53,0.56,1.56,-47.0,-1149.62,55.48
15.94,109.9,1.34,0.01,1.08,2.37,1.5,11.97,15.98,5.28,7.2,-25.0,-1320.05,108.86
17.8,133.2,1.84,0.01,2.51,2.08,1.5,14.4,15.08,3.36,3.36,-48.0,-1570.6,64.14
23.82,101.4,1.0,0.01,2.88,2.46,1.5,10.05,17.41,2.33,1.78,-42.0,-1355.66,44.17
19.45,116.1,2.88,0.01,1.68,2.23,1.5,13.63,17.72,6.04,2.04,-41.0,-1527.25,44.73
21.79,101.8,2.93,0.01,1.15,2.09,1.5,13.0,16.4,6.26,3.51,-44.0,-1608.24,52.11
16.01,119.8,1.2,0.01,2.69,2.38,1.5,14.84,17.46,2.62,0.62,-38.0,-1260.69,58.89
21.11,107.3,1.07,0.01,1.83,2.43,1.5,13.45,15.07,2.0,3.0,-45.0,-1365.27,56.31
24.82,124.6,2.13,0.01,1.54,2.31,1.5,13.16,16.34,3.74,0.74,-40.0,-1757.21,44.82
23.66,144.0,2.9,0.01,1.0,2.44,1.5,12.81,16.79,5.54,2.54,-30.0,-1855.92,43.7
15.11,112.8,3.42,0.01,1.58,2.39,1.5,10.9,12.75,6.98,6.52,-48.0,-1116.56,63.21
17.37,112.6,3.23,0.01,1.59,2.31,1.5,14.85,16.85,3.8,4.8,-47.0,-1348.43,53.87
20.81,139.1,1.07,0.01,2.02,2.44,1.5,14.22,14.97,7.22,7.22,-34.0,-1921.18,52.33
21.99,134.4,1.79,0.01,2.34,2.09,1.5,12.12,16.02,0.74,1.14,-44.0,-1736.62,77.07
23.91,133.3,1.22,0.01,1.56,2.43,1.5,14.57,17.48,2.96,1.61,-33.0,-1827.31,42.19
24.32,147.3,2.72,0.01,1.0,2.12,1.5,10.51,12.05,2.75,1.75,-44.0,-1855.72,74.07
18.3,133.9,2.19,0.01,1.45,2.16,1.5,12.79,15.99,11.62,8.71,-33.0,-1804.9,50.66
24.8,147.0,2.62,0.01,1.0,2.08,1.5,10.75,14.11,4.4,4.09,-34.0,-2034.99,62.45
22.7,106.7,1.88,0.01,2.14,2.2,1.5,14.1,15.39,5.22,4.22,-46.0,-1759.24,66.4
24.76,146.3,2.61,0.01,1.01,2.04,1.5,10.33,13.61,0.24,3.24,-43.0,-1811.25,88.5
17.47,129.3,3.69,0.01,1.3,2.41,1.5,10.34,14.87,6.65,4.08,-45.0,-1215.54,56.4
15.19,126.9,1.01,0.01,3.91,2.46,1.5,13.98,17.01,4.4,2.52,-48.0,-1048.89,85.9
24.15,132.2,1.04,0.01,2.45,2.43,1.5,14.15,15.19,4.66,3.66,-41.0,-1873.54,42.25
17.11,109.4,1.44,0.01,2.14,2.1,1.5,10.55,15.4,5.29,5.02,-48.0,-1197.02,73.79
18.3,133.9,1.0,0.01,1.45,2.38,1.5,12.72,16.14,11.56,8.56,-25.0,-1783.79,62.1
16.09,145.5,1.2,0.01,1.46,2.38,1.5,14.84,17.46,0.77,0.6,-32.0,-1232.5,51.6
19.18,137.5,2.49,0.01,1.91,2.15,1.5,10.5,16.76,11.74,6.6,-40.0,-1709.47,34.57
15.15,120.8,1.14,0.01,1.6,2.08,1.5,13.52,15.35,4.01,3.33,-44.0,-1031.4,42.98
22.7,100.8,2.58,0.01,1.01,2.41,1.5,10.0,15.4,7.47,4.9,-39.0,-1593.31,54.28
24.13,113.2,1.27,0.01,1.38,2.44,1.5,14.24,17.52,0.24,1.3,-35.0,-1674.39,50.32
24.82,131.8,2.61,0.01,1.0,2.06,1.5,13.18,17.42,4.76,0.76,-31.0,-1775.05,50.58
19.92,115.4,2.41,0.01,2.09,2.07,1.5,10.45,15.64,5.84,7.01,-44.0,-1638.93,92.76
16.08,131.2,1.14,0.01,1.85,2.03,1.5,11.29,15.35,7.01,3.01,-48.0,-1094.76,36.39
23.82,112.9,2.72,0.01,1.0,2.12,1.5,10.51,17.91,3.23,1.26,-35.0,-1513.97,65.65
17.3,132.1,3.24,0.01,1.59,2.29,1.5,14.85,16.77,4.0,4.84,-46.0,-1425.54,52.56
23.28,109.8,2.71,0.01,1.2,2.16,1.5,13.49,17.06,4.36,2.66,-38.0,-1772.55,48.06
19.63,115.6,3.16,0.01,1.0,2.18,1.5,10.14,15.15,7.1,3.67,-45.0,-1351.98,61.17
24.4,128.3,2.77,0.01,1.0,2.46,1.5,12.3,14.37,6.23,4.23,-33.0,-1958.15,53.76
22.23,108.8,2.98,0.01,1.0,2.32,1.5,13.58,14.13,6.64,6.64,-34.0,-1886.09,65.19
24.25,109.6,1.2,0.01,2.52,2.08,1.5,14.71,17.47,3.28,1.28,-41.0,-1869.72,44.73
19.4,136.6,3.59,0.01,1.0,2.06,1.5,13.93,15.56,7.43,6.43,-33.0,-1864.1,58.79
22.17,109.4,3.1,0.01,1.0,2.1,1.5,13.54,13.57,4.72,4.72,-43.0,-1719.79,73.7
17.14,127.2,1.43,0.01,2.13,2.35,1.5,10.55,15.4,5.22,1.29,-46.0,-1109.19,29.01
24.84,107.4,2.53,0.01,1.16,2.44,1.5,13.36,15.09,2.0,3.0,-42.0,-1730.88,64.73
15.1,126.9,1.01,0.01,3.79,2.46,1.5,13.98,17.32,2.33,3.04,-48.0,-1039.09,82.02
24.02,111.1,2.23,0.01,1.24,2.22,1.5,10.55,17.92,7.45,1.06,-34.0,-1562.68,35.38
16.32,126.3,1.12,0.01,2.56,2.41,1.5,14.09,15.31,3.52,2.52,-48.0,-1107.66,52.15
24.52,125.9,1.58,0.01,1.83,2.28,1.5,12.34,14.22,4.25,3.88,-43.0,-1881.83,64.37
21.21,137.1,2.01,0.01,1.82,2.45,1.5,12.17,16.03,2.11,4.11,-42.0,-1605.23,87.68
23.91,122.1,2.57,0.01,1.29,2.45,1.5,12.79,14.05,4.55,4.62,-37.0,-1910.98,69.74
24.53,113.6,1.08,0.01,1.44,2.39,1.5,10.03,12.93,0.7,1.03,-44.0,-1553.38,74.55
24.18,122.9,2.49,0.01,1.3,2.38,1.5,11.77,15.97,6.81,2.81,-37.0,-1767.93,38.25
24.82,131.8,2.71,0.01,1.0,2.48,1.5,11.26,17.42,4.76,0.76,-28.0,-1547.03,59.32
22.26,108.8,2.96,0.01,1.0,2.12,1.5,11.24,13.28,5.18,3.18,-45.0,-1584.13,71.68
16.15,147.5,2.35,0.01,2.74,2.2,1.5,11.19,17.23,6.05,0.29,-39.0,-1427.71,31.4
19.49,117.4,3.57,0.01,1.0,2.06,1.5,14.24,17.16,2.31,3.22,-42.0,-1532.82,57.25
24.14,144.3,2.72,0.01,1.0,2.09,1.5,10.44,11.74,3.8,2.8,-44.0,-1850.56,72.44
20.17,108.1,1.01,0.01,3.41,2.46,1.5,13.98,14.62,2.33,2.33,-47.0,-1309.19,35.69
21.32,135.4,2.74,0.01,1.29,2.48,1.5,10.75,15.58,6.13,2.74,-42.0,-1485.79,55.65
24.84,109.9,2.11,0.01,1.57,2.38,1.5,11.26,16.32,3.3,1.3,-41.0,-1617.24,53.25
24.13,113.4,1.27,0.01,1.01,2.38,1.5,14.29,17.28,0.3,1.31,-35.0,-1666.36,53.37
16.23,127.5,3.82,0.01,1.38,2.35,1.5,10.87,12.74,2.31,2.99,-47.0,-1192.7,61.16
21.37,138.1,2.67,0.01,1.0,2.32,1.5,12.62,13.75,3.93,2.93,-44.0,-1595.42,75.11
19.48,145.4,1.21,0.01,1.86,2.06,1.5,10.08,15.43,3.42,5.71,-45.0,-1432.8,97.33
19.4,112.4,3.59,0.01,1.0,2.06,1.5,12.74,17.17,4.4,3.65,-42.0,-1457.83,59.45
16.2,145.1,2.36,0.01,1.06,2.48,1.5,11.67,11.76,0.05,0.05,-44.0,-1013.14,33.84
24.76,143.2,2.62,0.01,1.0,2.09,1.5,11.51,17.65,6.01,0.59,-30.0,-1682.55,54.37
16.31,109.9,3.51,0.01,1.44,2.16,1.5,13.46,17.32,2.29,1.36,-40.0,-1353.21,47.42
22.85,136.6,2.98,0.01,1.0,2.13,1.5,10.25,16.68,8.12,3.47,-33.0,-1781.49,41.2
22.32,109.9,2.92,0.01,1.14,2.02,1.5,13.0,15.85,2.99,0.99,-43.0,-1645.62,58.69
24.22,122.9,2.22,0.01,1.53,2.18,1.5,11.85,15.99,6.79,2.79,-40.0,-1822.18,40.94
23.64,117.5,2.62,0.01,1.02,2.04,1.5,10.33,17.65,5.96,1.71,-34.0,-1618.21,46.7
16.15,147.5,2.35,0.01,2.74,2.2,1.5,11.14,16.95,5.05,0.05,-39.0,-1428.29,35.11
24.15,132.2,1.02,0.01,2.45,2.42,1.5,14.15,15.19,4.66,3.66,-41.0,-1884.61,41.38
20.82,100.5,1.11,0.01,2.63,2.43,1.5,12.79,13.23,2.58,2.58,-46.0,-1347.29,36.76
23.91,101.4,2.57,0.01,1.28,2.38,1.5,12.84,15.52,5.54,3.57,-41.0,-1716.2,54.97
19.49,112.8,2.71,0.01,1.19,2.48,1.5,14.62,17.01,2.26,0.26,-35.0,-1431.25,44.96
21.32,135.4,2.84,0.01,1.41,2.08,1.5,10.75,17.53,5.94,2.94,-37.0,-1670.88,55.32
19.34,137.5,2.34,0.01,2.32,2.41,1.5,10.04,14.41,5.75,4.93,-46.0,-1432.77,84.78
19.63,121.4,2.49,0.01,1.48,2.17,1.5,13.54,16.76,4.05,6.61,-40.0,-1715.78,72.56
17.02,113.7,2.26,0.01,2.51,2.08,1.5,14.4,17.97,10.24,7.4,-47.0,-1595.35,50.26
16.98,137.8,2.86,0.01,1.0,2.16,1.5,13.35,13.56,5.81,5.81,-44.0,-1360.5,65.51
22.22,117.1,2.88,0.01,1.24,2.26,1.5,13.66,16.08,2.08,2.11,-42.0,-1641.05,66.18
24.87,114.3,1.15,0.01,1.43,2.42,1.5,12.82,13.23,4.0,4.0,-42.0,-1770.89,56.04
19.48,148.5,1.88,0.01,1.86,2.37,1.5,10.05,15.42,0.11,4.06,-45.0,-1344.5,111.87
15.14,113.9,2.69,0.01,2.68,2.26,1.5,14.67,17.18,7.5,6.5,-48.0,-1414.17,56.45
16.52,106.6,2.93,0.01,1.77,2.16,1.5,12.92,16.94,4.36,1.46,-44.0,-1384.94,46.02
16.07,110.2,3.82,0.01,1.36,2.02,1.5,10.87,12.74,2.38,2.99,-48.0,-1291.12,63.85
21.16,119.0,2.41,0.01,1.84,2.12,1.5,12.72,14.4,4.37,3.62,-47.0,-1690.64,75.79
19.34,117.5,2.84,0.01,1.78,2.18,1.5,10.12,14.42,5.68,5.67,-46.0,-1485.41,90.12
15.43,128.0,2.53,0.01,1.88,2.41,1.5,13.36,17.37,2.0,2.48,-45.0,-1191.76,59.54
16.01,100.5,1.12,0.01,2.56,2.38,1.5,10.06,15.36,2.08,2.63,-48.0,-831.28,77.98
23.91,101.4,2.57,0.01,1.18,2.42,1.5,12.79,13.73,2.81,2.81,-44.0,-1637.27,73.77
22.78,119.8,1.38,0.01,1.47,2.41,1.5,14.84,17.5,4.72,2.72,-37.0,-1781.81,42.47
24.32,147.5,2.72,0.01,1.0,2.12,1.5,10.22,11.82,3.23,3.55,-43.0,-1896.53,76.73
21.22,111.1,2.23,0.01,1.24,2.22,1.5,10.55,17.92,8.06,1.06,-38.0,-1442.01,34.13
19.63,121.4,2.49,0.01,1.49,2.18,1.5,11.85,15.99,10.53,6.53,-40.0,-1694.53,48.79
19.42,115.7,3.64,0.01,1.0,2.35,1.5,10.87,16.08,2.33,2.11,-42.0,-1254.38,77.19
16.17,119.2,2.41,0.01,1.84,2.12,1.5,12.72,14.39,3.98,3.66,-48.0,-1371.47,61.83
22.7,100.5,1.12,0.01,1.02,2.41,1.5,10.25,15.4,7.63,2.63,-42.0,-1320.56,30.41
17.31,113.7,2.26,0.01,2.51,2.06,1.5,13.98,17.99,10.24,7.4,-47.0,-1607.77,50.64
22.23,107.9,3.16,0.01,1.0,2.43,1.5,12.74,13.23,7.54,7.54,-32.0,-1899.07,61.28
16.15,147.5,2.35,0.01,2.74,2.2,1.5,11.35,17.23,5.05,0.05,-38.0,-1448.46,35.23
17.29,131.4,2.41,0.01,2.5,2.14,1.5,14.37,17.97,8.7,5.7,-48.0,-1537.01,45.58
15.43,146.3,2.53,0.01,1.88,2.41,1.5,13.36,13.44,2.0,2.0,-47.0,-1186.18,48.28
22.43,126.1,3.04,0.01,1.0,2.46,1.5,10.18,17.35,7.84,3.22,-31.0,-1604.33,54.26
24.04,145.5,1.01,0.01,1.47,2.37,1.5,13.44,17.46,0.59,0.6,-32.0,-1691.79,55.03
21.99,134.4,1.54,0.01,2.38,2.12,1.5,10.07,12.98,0.92,0.93,-46.0,-1677.87,66.42
20.24,130.8,1.07,0.01,1.42,2.44,1.5,13.68,14.52,3.98,3.98,-42.0,-1441.98,59.3
23.93,122.1,2.65,0.01,1.21,2.45,1.5,12.79,14.05,4.55,4.38,-37.0,-1906.35,69.29
21.7,136.6,3.07,0.01,1.0,2.16,1.5,11.88,15.92,7.47,3.47,-36.0,-1742.19,47.88
24.76,145.2,2.13,0.01,1.25,2.04,1.5,10.33,13.61,6.78,4.63,-35.0,-2069.97,55.41
20.74,145.4,2.91,0.01,1.44,2.04,1.5,10.34,15.65,3.38,2.09,-44.0,-1569.77,77.77
17.37,109.5,3.4,0.01,1.59,2.31,1.5,14.85,16.85,3.8,4.8,-47.0,-1348.31,51.7
17.03,112.6,1.1,0.01,1.59,2.38,1.5,14.85,16.77,3.42,4.42,-43.0,-1126.23,47.0
24.18,146.4,2.74,0.01,1.0,2.09,1.5,13.0,15.57,5.25,3.25,-34.0,-2058.09,40.38
19.46,112.5,2.71,0.01,1.19,2.48,1.5,14.62,17.06,2.12,0.25,-35.0,-1422.1,44.76
21.54,147.0,2.62,0.01,1.01,2.09,1.5,12.15,14.11,5.09,4.09,-43.0,-1746.88,74.72
24.25,146.9,1.2,0.01,2.59,2.38,1.5,14.42,17.46,1.03,0.57,-33.0,-1743.0,46.36
15.36,145.1,2.67,0.01,1.0,2.04,1.5,13.52,13.61,2.49,2.49,-48.0,-1185.85,51.07
24.22,122.9,2.22,0.01,1.53,2.17,1.5,11.85,15.99,5.95,1.95,-42.0,-1740.77,41.19
20.74,101.3,1.13,0.01,1.0,2.04,1.5,10.34,10.8,2.09,2.09,-42.0,-1210.36,65.53
23.65,116.3,1.81,0.01,1.07,2.06,1.5,10.07,15.43,3.39,3.92,-43.0,-1684.99,78.26
17.29,133.2,2.23,0.01,1.36,2.22,1.5,14.4,17.92,4.09,1.09,-38.0,-1474.26,35.38
24.82,148.7,2.15,0.01,1.54,2.42,1.5,11.29,13.75,3.89,1.89,-43.0,-1801.95,58.53
19.84,147.5,2.35,0.01,2.19,2.2,1.5,11.19,17.25,6.17,0.17,-39.0,-1541.01,37.37
17.02,113.7,2.41,0.01,1.8,2.12,1.5,12.69,14.39,4.61,3.61,-48.0,-1391.43,63.85
22.85,136.6,2.98,0.01,1.0,2.11,1.5,10.25,16.68,7.21,3.47,-34.0,-1772.38,43.6
24.48,113.6,2.64,0.01,1.13,2.48,1.5,14.62,17.01,2.23,0.23,-36.0,-1652.37,48.11
22.7,106.5,3.0,0.01,1.0,2.07,1.5,14.53,15.35,4.92,4.92,-39.0,-1865.21,58.67
23.97,127.2,1.43,0.01,2.12,2.35,1.5,10.55,15.4,5.22,1.29,-44.0,-1600.37,39.74
24.87,116.5,1.04,0.01,1.09,2.43,1.5,12.83,13.41,3.83,3.83,-41.0,-1757.25,58.31
15.1,134.3,1.04,0.01,2.3,2.46,1.5,13.89,16.73,0.91,2.52,-45.0,-940.94,72.12
16.07,110.2,3.82,0.01,1.36,2.02,1.5,10.87,12.78,0.35,1.35,-48.0,-1299.43,63.55
19.49,117.4,1.15,0.01,2.57,2.06,1.5,14.24,17.16,2.31,3.22,-48.0,-1552.6,60.44
24.51,147.8,2.76,0.01,1.0,2.48,1.5,11.09,13.82,6.01,4.55,-31.0,-2038.02,51.15
16.1,147.9,1.07,0.01,1.97,2.41,1.5,14.22,14.36,3.1,3.1,-46.0,-1052.62,38.42
22.23,108.8,2.98,0.01,1.0,2.32,1.5,10.2,16.51,6.78,4.26,-37.0,-1600.91,52.37
24.69,113.2,1.2,0.01,2.52,2.46,1.5,13.96,17.01,3.59,1.3,-40.0,-1710.42,34.08
17.46,117.0,3.04,0.01,1.6,2.26,1.5,10.14,15.15,7.1,4.82,-48.0,-1257.78,66.69
24.04,137.5,2.05,0.01,1.79,2.45,1.5,12.14,17.72,6.24,1.24,-30.0,-1702.05,47.47
24.22,122.9,2.22,0.01,1.53,2.17,1.5,11.31,16.76,6.39,2.02,-38.0,-1758.71,36.69
16.47,145.0,1.04,0.01,2.45,2.43,1.5,11.51,15.19,4.66,3.66,-48.0,-1051.26,39.49
20.67,131.0,1.14,0.01,1.84,2.03,1.5,13.52,15.36,3.97,2.97,-47.0,-1611.28,54.85
22.85,136.6,2.98,0.01,1.0,2.13,1.5,10.06,16.68,8.12,3.47,-33.0,-1798.54,39.94
15.12,126.9,1.01,0.01,3.91,2.48,1.5,14.4,17.29,2.33,0.58,-40.0,-1131.66,93.67
19.54,110.2,3.56,0.01,1.0,2.02,1.5,10.87,17.88,7.83,2.99,-39.0,-1411.74,52.7
15.19,126.9,1.01,0.01,3.91,2.46,1.5,14.03,17.01,4.4,2.52,-48.0,-1049.68,85.94
22.17,109.4,3.1,0.01,1.0,2.08,1.5,13.28,14.07,4.72,4.72,-43.0,-1727.56,72.97
19.34,116.7,2.27,0.01,2.22,2.06,1.5,13.9,14.42,5.68,5.68,-48.0,-1653.25,77.64
24.51,126.9,2.76,0.01,1.0,2.48,1.5,10.86,17.73,2.7,0.76,-28.0,-1497.49,74.11
15.1,117.8,1.01,0.01,3.93,2.26,1.5,13.92,15.12,2.33,2.52,-48.0,-1143.26,94.57
23.65,116.9,2.86,0.01,1.0,2.23,1.5,12.13,12.5,6.84,6.84,-33.0,-1984.71,61.85
16.83,139.6,3.72,0.01,1.37,2.36,1.5,14.2,17.48,6.54,6.88,-36.0,-1635.28,48.92
24.85,147.4,2.57,0.01,1.0,2.32,1.5,12.83,13.75,3.78,3.78,-33.0,-2061.11,66.5
23.71,122.9,1.01,0.01,2.34,2.35,1.5,10.22,16.73,6.81,2.56,-43.0,-1590.87,23.81
24.93,131.7,2.6,0.01,1.04,2.31,1.5,11.26,16.34,6.73,1.73,-33.0,-1742.59,30.77
19.48,145.0,1.88,0.01,1.03,2.06,1.5,10.1,10.58,2.1,2.1,-44.0,-1421.47,65.03
16.01,119.8,3.3,0.01,1.92,2.29,1.5,14.84,17.46,2.62,0.62,-37.0,-1440.53,39.89
22.33,135.8,2.72,0.01,1.0,2.11,1.5,10.44,11.74,2.77,2.82,-45.0,-1698.16,81.7
16.12,120.1,1.2,0.01,1.5,2.38,1.5,14.84,17.46,0.61,2.61,-39.0,-1056.84,58.22
21.01,113.6,1.08,0.01,2.66,2.37,1.5,10.11,14.77,3.04,2.87,-47.0,-1335.8,53.28
24.49,137.5,2.05,0.01,1.11,2.44,1.5,10.74,17.72,4.18,0.79,-28.0,-1536.72,66.62
16.09,111.8,1.2,0.01,1.42,2.38,1.5,14.54,17.46,0.87,1.33,-32.0,-1094.96,63.44
24.55,126.2,1.01,0.01,2.74,2.46,1.5,10.79,17.32,5.85,1.13,-38.0,-1552.86,28.14
24.22,120.8,1.01,0.01,1.49,2.38,1.5,11.85,15.97,6.81,2.81,-40.0,-1713.33,30.65
20.82,144.8,2.59,0.01,1.82,2.43,1.5,12.7,13.23,2.56,2.56,-45.0,-1577.1,78.07
17.27,141.9,2.36,0.01,2.48,2.45,1.5,11.67,15.19,0.05,0.05,-41.0,-1356.8,63.9
19.48,146.0,2.93,0.01,1.68,2.23,1.5,10.1,12.19,8.07,6.85,-43.0,-1614.99,75.09
24.02,111.1,2.27,0.01,1.49,2.08,1.5,10.55,17.97,7.21,1.01,-37.0,-1604.57,34.5
16.74,131.3,3.28,0.01,1.56,2.33,1.5,13.34,16.41,1.18,0.16,-38.0,-1378.61,47.81
15.94,121.4,2.49,0.01,1.35,2.17,1.5,11.31,16.74,5.8,6.6,-48.0,-1169.59,76.49
21.16,119.0,2.26,0.01,2.02,2.08,1.5,14.43,17.93,4.16,3.91,-42.0,-1819.15,54.04
22.47,117.1,2.46,0.01,1.2,2.32,1.5,10.14,15.15,7.6,2.6,-44.0,-1483.33,46.85
19.49,111.3,1.16,0.01,2.62,2.38,1.5,10.89,12.93,2.29,1.06,-47.0,-1269.54,29.04
19.4,112.8,1.02,0.01,2.52,2.4,1.5,10.21,17.2,7.86,6.4,-43.0,-1340.54,53.71
17.29,113.2,1.27,0.01,1.39,2.44,1.5,14.24,17.52,0.24,1.3,-33.0,-1195.55,61.97
24.87,144.8,2.65,0.01,1.01,2.32,1.5,13.64,13.75,4.38,4.38,-32.0,-2149.07,56.44
21.99,127.5,1.74,0.01,2.4,2.12,1.5,12.12,12.98,0.92,0.92,-47.0,-1734.74,65.34
23.91,122.1,2.57,0.01,1.29,2.45,1.5,12.79,14.01,3.74,4.62,-37.0,-1878.13,73.76
22.7,100.5,3.07,0.01,1.0,2.41,1.5,10.06,15.4,7.63,2.63,-42.0,-1397.05,40.8
15.43,126.5,2.38,0.01,1.86,2.41,1.5,13.24,17.37,2.0,2.48,-44.0,-1195.5,61.04
18.67,119.8,1.2,0.01,2.69,2.38,1.5,14.84,17.36,2.62,0.62,-38.0,-1448.36,35.3
22.85,136.6,2.97,0.01,1.0,2.13,1.5,13.65,14.3,3.47,3.47,-42.0,-1849.14,68.69
15.02,125.5,1.01,0.01,2.58,2.38,1.5,14.56,17.46,3.3,1.3,-41.0,-1130.37,74.25
22.34,112.6,3.11,0.01,1.0,2.31,1.5,14.89,16.85,3.11,3.65,-36.0,-1802.8,48.76
24.76,145.1,2.62,0.01,1.0,2.06,1.5,10.1,13.61,6.01,4.63,-33.0,-2071.77,57.83
22.83,114.7,2.72,0.01,1.07,2.08,1.5,10.35,17.35,3.75,2.8,-37.0,-1629.65,62.88
24.81,136.1,2.67,0.01,1.0,2.32,1.5,12.83,16.66,4.38,1.53,-31.0,-1819.32,44.39
24.5,145.8,1.2,0.01,1.0,2.38,1.5,14.54,15.52,1.3,1.3,-40.0,-1808.8,50.99
22.04,134.4,1.37,0.01,2.47,2.12,1.5,10.21,12.98,0.77,0.93,-47.0,-1650.48,59.1
17.03,112.6,3.19,0.01,1.59,2.29,1.5,14.85,16.77,3.37,4.37,-48.0,-1311.04,54.83
24.96,144.8,2.62,0.01,1.01,2.32,1.5,13.64,13.78,4.26,4.26,-33.0,-2144.37,57.45
22.18,100.5,3.1,0.01,1.0,2.1,1.5,10.06,13.56,7.47,4.87,-44.0,-1564.47,63.95
24.25,110.7,1.2,0.01,2.52,2.36,1.5,14.71,17.47,0.91,1.28,-39.0,-1744.93,45.67
24.13,113.2,2.82,0.01,1.0,2.44,1.5,14.11,17.52,0.24,1.3,-30.0,-1682.91,54.7
16.14,144.9,2.27,0.01,1.09,2.1,1.5,11.48,11.77,1.46,1.46,-46.0,-1138.42,39.35
19.37,116.9,2.24,0.01,2.21,2.06,1.5,14.19,14.42,5.75,5.75,-48.0,-1664.92,76.35
24.82,131.4,1.97,0.01,1.72,2.43,1.5,11.29,16.34,6.83,1.83,-36.0,-1754.96,29.53
16.15,147.4,2.33,0.01,2.74,2.2,1.5,11.19,12.9,4.15,3.15,-48.0,-1400.94,50.05
24.22,122.9,2.19,0.01,1.53,2.17,1.5,11.31,16.97,6.39,1.56,-39.0,-1713.73,36.79
23.97,126.3,1.43,0.01,2.4,2.34,1.5,10.78,15.45,5.09,1.29,-44.0,-1628.67,40.0
24.86,145.0,2.61,0.01,1.0,2.07,1.5,11.58,14.21,5.93,3.93,-34.0,-2071.08,50.82
24.22,122.9,1.01,0.01,2.34,2.38,1.5,14.71,16.05,1.58,0.58,-41.0,-1736.31,33.1
22.33,136.3,2.59,0.01,1.48,2.11,1.5,10.44,13.11,2.77,2.54,-45.0,-1726.77,81.38
24.85,132.3,1.69,0.01,1.97,2.3,1.5,13.5,14.28,1.64,1.64,-44.0,-1857.87,64.32
17.16,131.9,1.04,0.01,2.46,2.42,1.5,14.4,15.05,4.8,4.8,-47.0,-1199.13,37.27
22.03,108.8,2.98,0.01,1.0,2.32,1.5,13.58,14.15,0.75,0.75,-43.0,-1558.72,69.71
16.09,119.2,1.2,0.01,1.47,2.38,1.5,14.82,17.46,2.2,2.73,-40.0,-1093.01,50.82
24.13,113.1,2.59,0.01,1.19,2.48,1.5,14.62,17.01,2.21,0.21,-36.0,-1640.83,48.37
16.09,105.1,1.8,0.01,2.38,2.38,1.5,12.08,17.34,0.87,1.33,-40.0,-1172.78,78.14
22.38,139.4,2.93,0.01,1.13,2.11,1.5,13.16,15.63,6.91,4.91,-34.0,-2045.46,50.88
19.46,113.8,3.13,0.01,1.0,2.06,1.5,13.55,17.05,7.77,4.77,-41.0,-1592.92,45.33
20.82,144.8,2.59,0.01,1.75,2.09,1.5,12.7,17.78,2.56,2.56,-38.0,-1752.89,64.12
24.22,122.7,1.01,0.01,2.34,2.12,1.5,11.71,15.97,4.16,2.72,-46.0,-1737.05,47.33
16.99,112.6,3.23,0.01,1.79,2.08,1.5,14.85,16.52,5.63,4.84,-48.0,-1491.61,52.34
22.24,112.6,3.11,0.01,1.0,2.31,1.5,14.89,16.78,3.11,3.65,-36.0,-1794.97,50.55
16.49,146.9,1.2,0.01,1.43,2.38,1.5,14.57,17.46,1.03,1.34,-36.0,-1213.85,51.01
21.71,145.4,1.87,0.01,1.86,2.08,1.5,10.1,15.43,4.37,4.32,-45.0,-1689.38,85.01
24.5,133.7,2.68,0.01,1.0,2.11,1.5,10.44,11.83,2.77,2.82,-44.0,-1841.51,78.27
23.93,111.8,1.19,0.01,2.65,2.38,1.5,10.81,17.47,3.3,1.3,-41.0,-1499.97,45.32
19.18,119.8,1.19,0.01,2.74,2.39,1.5,13.87,17.38,2.52,5.52,-46.0,-1380.43,64.45
24.25,109.6,1.2,0.01,1.55,2.08,1.5,11.86,17.47,3.28,1.28,-41.0,-1689.41,53.52
24.95,147.4,2.65,0.01,1.0,2.32,1.5,12.81,13.75,3.3,3.3,-35.0,-2016.14,65.15
18.67,119.8,1.17,0.01,1.04,2.38,1.5,11.01,13.41,2.65,0.65,-43.0,-1008.85,50.52
24.51,138.1,2.68,0.01,1.0,2.12,1.5,10.06,13.13,6.47,3.47,-43.0,-1804.82,57.91
16.09,145.5,1.2,0.01,1.47,2.06,1.5,14.84,17.46,0.77,0.58,-36.0,-1336.7,48.14
24.16,112.9,2.37,0.01,1.38,2.44,1.5,14.24,17.52,4.07,1.3,-33.0,-1731.74,44.63
16.15,106.8,1.1,0.01,2.78,2.2,1.5,11.19,17.23,10.1,5.02,-48.0,-1120.47,41.94
23.97,127.2,1.43,0.01,2.4,2.35,1.5,10.55,15.4,5.22,1.29,-44.0,-1603.06,39.1
24.76,144.7,1.14,0.01,1.0,2.05,1.5,10.08,13.61,2.13,3.04,-44.0,-1772.93,74.89
17.31,113.7,2.21,0.01,2.5,2.07,1.5,14.84,17.47,9.4,7.4,-48.0,-1621.87,58.46
22.9,147.9,2.97,0.01,1.0,2.13,1.5,10.06,13.77,6.47,3.47,-42.0,-1740.81,59.7
24.18,113.8,2.74,0.01,1.0,2.09,1.5,13.0,17.51,0.39,1.31,-35.0,-1699.06,58.86
16.04,145.5,1.2,0.01,1.37,2.38,1.5,14.73,17.46,0.92,0.6,-32.0,-1189.06,55.52
19.48,145.4,1.92,0.01,1.86,2.06,1.5,10.1,15.53,3.86,4.25,-48.0,-1515.63,94.93
24.87,119.1,2.41,0.01,1.19,2.13,1.5,12.72,14.39,4.37,3.62,-41.0,-1911.87,62.88
22.69,109.4,1.11,0.01,1.0,2.42,1.5,13.54,15.41,3.48,2.48,-42.0,-1488.66,53.1
24.25,145.8,1.2,0.01,2.52,2.08,1.5,14.42,17.46,3.4,0.57,-37.0,-1853.2,41.34
24.51,147.8,1.13,0.01,1.0,2.48,1.5,11.22,13.82,6.01,4.55,-32.0,-1988.29,50.79
17.35,133.4,2.36,0.01,2.51,2.46,1.5,14.4,17.85,3.29,0.29,-35.0,-1458.41,32.02
20.16,139.1,1.02,0.01,2.22,2.44,1.5,13.93,14.31,5.34,5.34,-43.0,-1536.94,47.62
17.45,140.4,2.03,0.01,1.55,2.38,1.5,10.97,11.02,0.07,0.07,-45.0,-1177.47,37.92
23.91,132.0,1.09,0.01,1.56,2.44,1.5,10.58,17.49,2.96,1.6,-34.0,-1602.62,55.01
19.49,111.3,1.19,0.01,2.62,2.38,1.5,10.89,17.26,2.29,1.06,-41.0,-1278.48,48.01
17.3,132.1,3.28,0.01,1.59,2.29,1.5,14.88,16.77,4.0,4.84,-46.0,-1442.22,50.46
24.55,126.2,1.07,0.01,2.17,2.46,1.5,10.56,17.14,5.85,1.13,-39.0,-1568.88,29.03
16.2,145.1,1.04,0.01,2.45,2.42,1.5,10.05,15.28,4.63,3.67,-48.0,-978.25,45.4
20.74,145.0,2.61,0.01,1.0,2.04,1.5,10.34,10.8,2.09,2.09,-45.0,-1635.09,77.3
16.01,119.8,1.31,0.01,2.69,2.38,1.5,11.97,17.38,2.47,2.85,-47.0,-1064.75,68.1
24.4,125.4,1.58,0.01,1.54,2.13,1.5,11.26,16.38,7.03,2.21,-41.0,-1807.45,34.26
24.0,114.0,2.26,0.01,1.51,2.08,1.5,14.15,17.98,4.01,1.01,-34.0,-1826.12,45.66
16.32,120.1,1.2,0.01,1.5,2.38,1.5,14.84,17.44,4.61,2.61,-41.0,-1119.18,40.59
15.1,127.5,1.01,0.01,3.91,2.46,1.5,14.0,17.32,0.85,2.51,-48.0,-1013.45,92.31
19.58,120.3,1.01,0.01,1.49,2.38,1.5,11.85,15.97,6.81,2.87,-44.0,-1246.19,30.73
20.06,135.7,1.07,0.01,1.98,2.44,1.5,14.22,14.25,6.94,6.94,-33.0,-1751.86,60.12
17.52,133.2,2.17,0.01,2.5,2.42,1.5,12.85,13.34,7.74,7.74,-44.0,-1451.1,71.09
19.8,106.2,1.01,0.01,3.23,2.13,1.5,12.11,15.02,2.38,2.67,-48.0,-1415.67,51.64
24.43,126.1,1.58,0.01,2.11,2.38,1.5,13.5,14.32,4.25,4.25,-40.0,-1936.8,63.81
19.38,116.7,2.27,0.01,1.57,2.28,1.5,13.9,14.42,3.89,3.89,-47.0,-1482.35,73.3
15.29,118.0,1.01,0.01,3.91,2.46,1.5,13.98,17.32,2.33,2.52,-48.0,-1012.47,86.6
23.84,111.8,1.2,0.01,2.58,2.38,1.5,14.43,17.46,0.87,0.46,-37.0,-1665.84,42.6
19.83,121.0,1.39,0.01,2.74,2.06,1.5,11.01,13.45,3.37,2.28,-48.0,-1530.37,43.34
22.13,146.4,2.74,0.01,1.0,2.09,1.5,13.0,15.48,5.25,3.25,-39.0,-1857.23,59.75
24.96,131.8,2.13,0.01,1.51,2.31,1.5,11.26,16.23,5.8,1.8,-37.0,-1787.99,35.27
24.55,126.2,1.02,0.01,2.58,2.46,1.5,14.51,17.31,3.13,1.13,-37.0,-1791.63,30.81
24.22,122.9,2.22,0.01,1.52,2.16,1.5,14.81,15.99,3.77,2.77,-40.0,-1958.18,51.89
17.72,133.2,1.83,0.01,1.0,2.04,1.5,14.42,15.08,3.33,3.33,-46.0,-1313.27,58.67
24.51,147.8,2.76,0.01,1.0,2.48,1.5,14.88,17.81,2.57,0.68,-25.0,-1772.75,48.38
22.82,112.5,1.08,0.01,2.59,2.38,1.5,10.03,16.48,3.03,1.03,-42.0,-1435.71,43.23
16.08,131.2,1.14,0.01,1.84,2.36,1.5,11.27,15.35,7.03,3.03,-46.0,-958.91,53.51
24.93,119.4,1.26,0.01,1.19,2.13,1.5,12.72,14.42,0.55,1.55,-44.0,-1777.19,68.83
17.06,135.0,2.74,0.01,2.28,2.14,1.5,12.3,17.97,8.7,4.25,-47.0,-1440.4,40.53
22.7,147.1,2.32,0.01,1.74,2.41,1.5,10.05,15.38,5.06,0.06,-41.0,-1542.52,42.06
24.22,121.2,1.01,0.01,1.49,2.38,1.5,11.85,15.97,6.81,2.81,-40.0,-1717.7,30.5
15.1,127.3,2.52,0.01,2.89,2.46,1.5,14.07,17.32,6.21,4.63,-48.0,-1257.28,42.14
24.76,145.2,2.13,0.01,1.25,2.04,1.5,10.33,13.67,6.78,4.1,-37.0,-2023.19,55.49
16.12,120.1,1.25,0.01,1.51,2.38,1.5,13.98,17.97,0.61,2.61,-37.0,-1103.21,65.25
24.18,127.7,1.09,0.01,1.0,2.09,1.5,13.0,15.63,5.19,3.19,-40.0,-1864.24,50.26
19.5,127.4,1.51,0.01,1.48,2.14,1.5,11.31,16.76,8.75,3.75,-46.0,-1413.45,40.32
24.55,144.9,2.69,0.01,1.06,2.46,1.5,10.79,17.26,5.85,1.13,-27.0,-1606.91,60.39
16.93,115.9,1.12,0.01,2.55,2.38,1.5,14.85,16.92,3.42,4.42,-48.0,-1172.24,41.74
16.2,134.5,1.16,0.01,2.26,2.2,1.5,11.19,17.56,8.52,4.88,-48.0,-1131.83,32.82
19.15,122.6,2.41,0.01,2.21,2.12,1.5,10.04,14.42,5.68,5.61,-48.0,-1525.24,92.72
24.26,112.7,2.62,0.01,1.0,2.04,1.5,10.02,13.6,6.0,4.27,-43.0,-1764.52,63.73
22.96,104.3,2.24,0.01,1.71,2.06,1.5,14.05,14.42,5.62,5.62,-42.0,-1922.88,65.78
15.17,146.7,2.13,0.01,1.25,2.04,1.5,10.77,17.43,6.22,4.1,-48.0,-1134.91,57.99
22.33,136.3,2.55,0.01,1.48,2.11,1.5,10.29,13.34,2.77,2.54,-45.0,-1729.31,81.63
24.25,111.8,1.2,0.01,1.48,2.36,1.5,14.54,17.47,0.77,1.28,-36.0,-1724.28,47.99
22.36,135.8,2.93,0.01,1.14,2.11,1.5,13.0,14.25,5.91,4.91,-36.0,-1949.59,69.21
22.33,134.5,2.72,0.01,1.35,2.11,1.5,10.21,11.74,2.77,2.8,-45.0,-1744.44,81.58
21.99,145.2,1.54,0.01,2.38,2.12,1.5,11.54,12.98,0.15,0.93,-46.0,-1740.22,65.62
21.99,132.6,1.76,0.01,2.38,2.12,1.5,12.12,12.65,0.6,0.6,-46.0,-1758.99,62.62
21.71,132.7,1.81,0.01,1.56,2.44,1.5,10.37,15.57,4.35,4.26,-42.0,-1564.44,81.55
24.54,147.8,2.64,0.01,1.0,2.38,1.5,14.88,17.81,0.74,0.65,-25.0,-1781.62,50.74
24.78,109.9,2.41,0.01,1.2,2.02,1.5,10.47,15.4,5.29,1.29,-43.0,-1680.35,45.67
16.32,122.7,1.2,0.01,2.31,2.37,1.5,14.84,17.43,4.61,2.61,-45.0,-1199.98,39.75
19.4,112.8,3.59,0.01,1.0,2.09,1.5,14.64,17.17,7.4,5.4,-38.0,-1697.42,41.77
22.78,119.3,1.38,0.01,2.49,2.42,1.5,14.84,17.5,3.4,2.72,-40.0,-1772.08,45.78
24.29,131.3,2.72,0.01,1.0,2.12,1.5,12.3,17.91,5.79,0.79,-28.0,-1661.18,53.45
24.77,120.5,2.68,0.01,1.0,2.32,1.5,13.64,13.82,4.26,4.26,-37.0,-1968.37,64.76
22.72,106.7,1.13,0.01,2.12,2.18,1.5,10.74,15.4,5.92,4.88,-45.0,-1610.0,58.96
24.7,132.1,2.02,0.01,1.68,2.38,1.5,10.97,11.15,0.96,0.96,-44.0,-1815.02,76.5
16.99,110.9,3.24,0.01,1.78,2.06,1.5,14.92,16.52,5.84,4.84,-48.0,-1495.38,53.19
15.77,145.7,1.01,0.01,2.35,2.46,1.5,10.22,16.73,6.05,0.05,-39.0,-986.98,98.26
24.24,125.9,1.69,0.01,1.21,2.22,1.5,12.15,15.08,5.41,3.41,-41.0,-1845.19,58.05
19.34,119.8,2.41,0.01,2.21,2.16,1.5,14.81,17.82,2.5,0.77,-38.0,-1712.71,51.91
15.14,113.9,2.75,0.01,2.65,2.46,1.5,14.23,17.51,7.5,6.5,-48.0,-1271.66,46.32
17.29,133.2,2.21,0.01,1.36,2.22,1.5,12.11,12.95,1.09,1.09,-46.0,-1267.17,48.85
17.19,127.3,2.41,0.01,2.57,2.02,1.5,10.56,15.31,5.15,1.15,-48.0,-1523.01,48.56
24.4,128.6,1.58,0.01,1.54,2.13,1.5,14.45,16.38,2.96,2.22,-40.0,-1969.6,48.86
24.97,126.1,1.63,0.01,1.18,2.12,1.5,13.5,14.32,3.71,3.71,-40.0,-1993.77,63.6
24.48,113.6,1.08,0.01,2.59,2.38,1.5,10.03,12.93,3.03,1.03,-45.0,-1615.77,46.71
24.9,131.8,2.11,0.01,1.49,2.11,1.5,11.26,16.14,5.83,1.83,-39.0,-1827.33,36.45
16.09,119.2,1.2,0.01,1.47,2.12,1.5,10.25,17.46,2.2,0.82,-37.0,-979.45,75.85
24.76,119.4,2.48,0.01,1.0,2.03,1.5,10.16,13.61,6.79,4.63,-38.0,-1914.55,58.15
16.88,142.2,1.07,0.01,1.97,2.1,1.5,14.22,14.54,8.5,8.5,-28.0,-1667.34,67.84
22.7,106.0,1.14,0.01,2.48,2.08,1.5,14.01,15.51,5.79,4.79,-47.0,-1753.37,54.78
17.09,113.6,2.27,0.01,2.45,2.07,1.5,14.4,17.97,4.42,7.11,-48.0,-1551.26,77.74
24.22,110.7,1.2,0.01,2.52,2.36,1.5,14.71,15.94,0.91,1.3,-43.0,-1716.32,47.58
17.06,135.1,1.1,0.01,1.59,2.12,1.5,12.35,16.8,3.14,4.42,-46.0,-1150.53,64.07
16.32,120.1,1.04,0.01,1.01,2.38,1.5,14.96,17.44,4.57,2.57,-34.0,-1102.76,70.3
24.96,144.9,2.64,0.01,1.0,2.32,1.5,13.62,15.34,3.7,2.7,-33.0,-2012.18,46.92
22.7,106.5,1.07,0.01,1.0,2.41,1.5,10.05,15.38,2.53,0.86,-42.0,-1260.35,62.49
24.48,106.8,1.1,0.01,2.61,2.22,1.5,11.07,17.23,7.28,1.28,-42.0,-1610.89,21.16
21.16,119.0,2.26,0.01,2.02,2.13,1.5,14.43,17.9,4.16,3.87,-42.0,-1796.56,53.99
23.93,111.8,1.2,0.01,2.58,2.44,1.5,14.54,17.46,3.3,1.31,-39.0,-1707.12,34.73
22.99,100.5,1.1,0.01,1.6,2.41,1.5,10.06,15.25,7.63,2.63,-45.0,-1372.78,26.31
17.06,107.3,2.68,0.01,2.34,2.14,1.5,12.3,17.77,9.39,4.39,-48.0,-1400.88,38.98
24.48,143.4,1.08,0.01,2.66,2.38,1.5,10.34,12.94,2.78,0.78,-44.0,-1635.96,46.43
18.23,116.6,1.07,0.01,2.2,2.41,1.5,10.24,15.38,9.92,4.92,-46.0,-1125.83,32.74
22.34,113.2,3.05,0.01,1.0,2.31,1.5,12.5,16.73,3.11,3.29,-38.0,-1639.74,65.14
16.01,119.2,1.45,0.01,1.47,2.38,1.5,14.82,17.46,2.2,2.73,-41.0,-1110.87,45.64
16.09,144.4,1.2,0.01,2.51,2.06,1.5,14.83,17.46,0.91,0.55,-40.0,-1514.71,61.28
20.18,144.7,1.07,0.01,2.0,2.31,1.5,13.63,13.88,8.5,8.5,-31.0,-1909.62,60.79
24.44,125.9,1.58,0.01,2.11,2.12,1.5,13.5,15.64,4.25,2.91,-44.0,-1919.96,54.63
22.04,135.7,1.37,0.01,1.1,2.12,1.5,10.44,13.29,0.77,0.95,-45.0,-1549.24,68.49
16.2,134.3,2.36,0.01,1.07,2.48,1.5,10.21,11.76,0.2,1.2,-44.0,-952.12,48.4
18.67,117.5,1.2,0.01,2.69,2.38,1.5,14.84,17.66,2.62,0.94,-39.0,-1444.11,34.21
23.91,146.0,1.22,0.01,1.86,2.06,1.5,14.04,17.34,2.98,1.67,-37.0,-1967.94,45.53
15.83,145.5,1.19,0.01,1.46,2.48,1.5,14.84,17.46,2.6,0.6,-32.0,-1150.18,61.3
17.15,119.1,1.72,0.01,2.12,2.13,1.5,12.72,14.39,4.37,3.62,-48.0,-1341.38,55.78
24.22,120.3,1.01,0.01,1.53,2.38,1.5,14.71,16.06,1.58,0.58,-40.0,-1704.35,40.33
23.93,112.3,1.2,0.01,1.56,2.38,1.5,14.54,17.46,3.61,1.61,-37.0,-1748.24,40.07
19.95,146.2,1.39,0.01,2.73,2.1,1.5,11.01,13.41,3.37,2.28,-48.0,-1574.99,45.39
17.12,127.2,1.45,0.01,2.57,2.35,1.5,13.82,15.39,2.29,1.29,-46.0,-1255.8,47.88
17.51,140.1,2.13,0.01,1.54,2.31,1.5,11.26,16.21,6.68,2.68,-46.0,-1267.98,44.02
17.42,134.9,2.48,0.01,1.73,2.08,1.5,12.76,17.97,5.73,7.53,-41.0,-1647.13,63.11
24.14,123.2,2.46,0.01,1.06,2.37,1.5,11.67,11.76,0.05,0.05,-44.0,-1683.42,80.24
24.48,111.1,1.76,0.01,1.93,2.12,1.5,13.5,14.87,3.93,3.65,-45.0,-1886.96,64.0
19.49,127.4,1.88,0.01,2.21,2.02,1.5,10.7,14.42,5.62,2.62,-48.0,-1584.18,64.2
18.67,119.1,1.2,0.01,2.69,2.38,1.5,13.9,14.33,5.53,5.53,-46.0,-1369.15,41.51
23.91,133.3,1.16,0.01,1.48,2.26,1.5,14.57,17.15,2.96,1.61,-36.0,-1865.81,43.87
21.99,134.4,1.78,0.01,2.36,2.12,1.5,14.41,17.94,0.93,0.92,-38.0,-1847.56,57.89
15.07,109.9,1.57,0.01,2.13,2.46,1.5,14.34,17.41,5.29,4.77,-48.0,-999.27,37.42
24.25,109.6,1.2,0.01,2.52,2.08,1.5,11.45,17.47,7.09,1.28,-42.0,-1709.85,30.24
19.44,111.6,3.36,0.01,1.22,2.06,1.5,14.64,17.17,6.98,6.39,-39.0,-1776.46,43.64
22.22,135.8,2.74,0.01,1.0,2.32,1.5,10.44,11.74,2.65,2.82,-44.0,-1648.83,83.83
19.58,145.9,1.01,0.01,1.49,2.42,1.5,12.02,15.97,5.87,2.87,-44.0,-1357.44,38.39
20.3,112.6,3.24,0.01,1.25,2.41,1.5,14.85,16.6,5.63,4.84,-39.0,-1676.34,50.55
17.93,133.9,2.46,0.01,2.41,2.18,1.5,12.85,17.87,9.82,4.82,-47.0,-1493.55,38.98
24.15,128.4,1.01,0.01,2.71,2.44,1.5,14.15,15.19,4.66,3.66,-41.0,-1823.42,39.69
24.25,122.9,1.01,0.01,2.34,2.38,1.5,14.71,17.58,1.58,0.56,-37.0,-1735.88,33.88
24.72,143.8,2.62,0.01,1.0,2.02,1.5,10.57,17.17,7.11,1.11,-30.0,-1704.39,48.34
17.03,112.5,2.74,0.01,2.28,2.41,1.5,14.79,17.93,7.25,4.25,-47.0,-1338.52,35.25
24.18,146.4,2.74,0.01,1.0,2.09,1.5,12.83,15.57,5.25,3.25,-34.0,-2050.1,40.84
22.7,100.5,1.36,0.01,2.56,2.41,1.5,10.06,13.84,5.73,2.73,-46.0,-1450.63,36.84
24.51,147.8,2.76,0.01,1.0,2.48,1.5,14.97,17.81,2.68,0.68,-25.0,-1759.15,48.29
16.19,126.2,1.09,0.01,2.58,2.44,1.5,14.62,17.31,3.2,1.2,-41.0,-1192.47,54.03
24.87,119.1,2.41,0.01,1.19,2.08,1.5,12.72,14.39,4.37,3.66,-42.0,-1914.44,62.58
20.82,100.5,1.11,0.01,2.63,2.45,1.5,12.79,13.23,2.57,2.57,-46.0,-1340.87,37.04
24.1,109.9,2.71,0.01,1.03,2.02,1.5,12.81,15.4,3.29,1.29,-43.0,-1723.5,57.53
17.22,146.4,1.46,0.01,1.0,2.09,1.5,10.74,15.57,5.29,3.25,-45.0,-1125.31,48.21
24.58,119.1,2.41,0.01,1.26,2.12,1.5,13.87,14.42,4.0,4.0,-39.0,-1991.94,64.58
19.45,111.6,2.2,0.01,1.22,2.06,1.5,14.64,17.99,6.98,5.55,-43.0,-1659.94,46.18
22.29,144.8,2.62,0.01,1.01,2.32,1.5,14.74,17.95,3.93,0.93,-26.0,-1712.04,51.03
19.53,112.8,1.13,0.01,1.15,2.06,1.5,14.64,17.17,3.36,1.36,-40.0,-1435.4,37.67
24.15,112.6,1.13,0.01,2.01,2.31,1.5,14.91,16.85,3.0,2.0,-41.0,-1798.71,41.87
24.28,132.8,1.03,0.01,2.48,2.08,1.5,12.74,17.47,0.94,1.25,-40.0,-1799.35,56.34
19.59,120.3,1.11,0.01,1.49,2.38,1.5,11.85,15.97,6.72,2.72,-44.0,-1242.73,29.69
19.37,119.1,2.24,0.01,2.22,2.06,1.5,14.19,14.42,4.2,4.2,-48.0,-1671.12,77.64
15.07,112.4,1.57,0.01,2.74,2.46,1.5,14.34,17.41,3.0,4.79,-48.0,-1069.02,56.84
24.95,111.7,1.44,0.01,2.15,2.04,1.5,10.55,15.36,5.28,1.28,-45.0,-1767.27,47.74
24.17,122.3,1.07,0.01,2.56,2.41,1.5,11.81,14.84,5.81,2.81,-45.0,-1648.09,32.34
24.54,147.8,2.64,0.01,1.03,2.39,1.5,14.88,17.81,0.74,0.65,-25.0,-1774.02,50.48
24.7,145.2,2.13,0.01,1.25,2.42,1.5,10.32,13.67,6.78,4.63,-33.0,-2017.48,51.49
24.86,100.5,1.12,0.01,2.56,2.41,1.5,13.39,15.4,4.74,2.74,-45.0,-1664.89,36.05
24.95,146.4,2.6,0.01,1.0,2.09,1.5,12.83,14.29,4.3,3.3,-35.0,-2085.11,57.59
19.94,106.8,1.11,0.01,2.61,2.21,1.5,11.07,13.44,4.19,2.19,-48.0,-1354.51,27.86
17.02,113.7,1.04,0.01,2.51,2.08,1.5,14.4,17.97,10.24,7.37,-46.0,-1416.72,29.38
24.8,111.0,1.2,0.01,1.42,2.31,1.5,14.71,16.1,0.91,1.32,-41.0,-1748.18,53.35
24.25,122.9,2.32,0.01,1.47,2.38,1.5,14.71,17.97,1.58,0.56,-29.0,-1732.81,52.94
22.04,134.4,1.37,0.01,2.47,2.12,1.5,10.21,15.46,4.9,2.96,-47.0,-1649.58,63.33
15.96,122.9,1.01,0.01,2.5,2.38,1.5,14.71,16.0,1.58,0.58,-42.0,-1133.85,65.27
22.36,134.9,2.94,0.01,1.13,2.11,1.5,13.17,15.58,6.93,4.93,-35.0,-1998.61,52.68
24.86,145.0,2.61,0.01,1.0,2.07,1.5,11.55,14.17,5.93,3.94,-34.0,-2074.76,51.67
16.93,115.9,1.34,0.01,2.55,2.38,1.5,14.85,17.29,5.71,4.42,-48.0,-1247.73,36.12
15.99,113.3,3.59,0.01,1.0,2.06,1.5,14.83,17.17,0.8,2.8,-44.0,-1271.27,47.59
16.08,131.3,1.14,0.01,1.55,2.31,1.5,11.29,15.35,7.01,3.01,-45.0,-926.51,57.88
19.45,116.5,2.24,0.01,1.02,2.32,1.5,14.14,14.19,5.75,5.75,-42.0,-1488.68,70.65
19.34,119.7,2.41,0.01,2.21,2.18,1.5,13.84,14.42,5.68,5.68,-47.0,-1615.73,76.23
24.87,113.9,2.26,0.01,1.4,2.31,1.5,13.64,13.75,4.22,4.22,-40.0,-1941.08,64.65
24.64,106.8,1.1,0.01,2.58,2.22,1.5,11.07,17.94,6.42,0.42,-39.0,-1559.65,22.67
24.48,110.1,1.77,0.01,1.24,2.19,1.5,14.08,15.19,4.33,3.33,-42.0,-1860.08,59.26
17.37,119.2,1.45,0.01,1.47,2.38,1.5,14.89,17.46,2.2,2.73,-41.0,-1260.98,38.62
24.48,109.9,1.08,0.01,2.13,2.0,1.5,10.03,12.88,3.06,1.06,-47.0,-1760.34,46.74
17.25,115.9,1.12,0.01,2.55,2.38,1.5,14.72,16.92,3.39,4.42,-48.0,-1195.14,42.56
24.98,112.5,2.66,0.01,1.0,2.41,1.5,14.51,17.32,2.7,0.7,-32.0,-1716.09,47.8
16.98,145.0,2.61,0.01,1.0,2.07,1.5,11.61,16.41,5.84,3.93,-47.0,-1288.38,58.01
17.29,145.0,2.13,0.01,2.5,2.14,1.5,14.45,17.84,6.76,5.7,-48.0,-1579.0,53.27
16.42,122.7,1.2,0.01,2.57,2.44,1.5,14.54,16.91,4.61,2.61,-46.0,-1156.61,42.73
15.24,113.9,2.69,0.01,2.67,2.26,1.5,14.67,15.56,6.51,6.51,-48.0,-1402.81,71.25
21.26,147.8,2.76,0.01,1.0,2.48,1.5,15.0,17.81,2.57,0.68,-31.0,-1649.05,50.41
16.99,112.0,1.03,0.01,2.33,2.08,1.5,14.95,16.52,3.82,2.82,-48.0,-1304.36,47.16
24.22,115.2,1.2,0.01,2.52,2.36,1.5,14.71,15.94,0.91,1.29,-43.0,-1735.66,48.19
22.72,100.7,1.23,0.01,2.63,2.41,1.5,10.06,13.62,5.7,2.7,-46.0,-1452.68,32.49
22.66,106.5,1.07,0.01,2.56,2.41,1.5,10.45,14.99,5.23,1.23,-45.0,-1419.34,26.17
21.77,134.4,1.78,0.01,2.36,2.12,1.5,14.41,15.0,0.82,0.82,-45.0,-1788.54,63.56
24.22,142.4,2.22,0.01,1.53,2.17,1.5,11.27,16.76,7.02,2.02,-34.0,-1840.57,32.64
23.67,146.0,1.22,0.01,1.86,2.06,1.5,14.04,17.34,2.98,0.63,-39.0,-1894.35,45.22
19.23,111.1,1.76,0.01,1.95,2.18,1.5,13.87,14.87,3.83,3.65,-48.0,-1459.84,67.46
21.15,119.0,3.28,0.01,1.0,2.08,1.5,14.43,17.06,4.16,3.88,-37.0,-1780.11,52.13
24.63,134.4,1.78,0.01,1.88,2.12,1.5,13.64,13.65,0.93,0.93,-25.0,-0.0,
23.8,111.8,2.87,0.01,1.0,2.38,1.5,14.54,17.46,3.3,1.74,-31.0,-1749.55,43.81
22.41,122.7,3.03,0.01,1.04,2.12,1.5,11.65,15.97,4.16,2.72,-42.0,-1637.06,63.6
17.25,111.1,2.14,0.01,2.52,2.36,1.5,14.81,17.97,10.74,7.74,-44.0,-1537.56,39.3
16.0,119.2,1.52,0.01,1.47,2.38,1.5,14.82,17.46,2.2,2.88,-42.0,-1106.79,41.46
21.16,116.8,2.26,0.01,2.01,2.12,1.5,14.43,17.9,5.71,3.87,-42.0,-1808.76,49.41
24.25,109.6,1.2,0.01,2.13,2.08,1.5,14.71,17.47,3.26,1.26,-41.0,-1862.15,44.74
16.57,143.4,1.93,0.01,1.21,2.02,1.5,10.33,13.65,5.24,4.64,-45.0,-1227.24,66.76
22.75,107.1,1.01,0.01,3.04,2.38,1.5,10.11,15.97,6.81,4.28,-46.0,-1445.6,29.95
16.09,145.5,1.2,0.01,1.47,2.05,1.5,14.84,17.46,0.77,0.58,-36.0,-1341.95,48.61
19.14,145.9,1.0,0.01,1.49,2.04,1.5,12.03,15.97,5.84,2.84,-46.0,-1415.21,35.01
22.78,127.9,1.56,0.01,1.18,2.12,1.5,10.21,14.32,3.79,2.66,-45.0,-1619.02,75.02
24.18,147.4,2.64,0.01,1.02,2.32,1.5,12.81,15.57,3.39,3.25,-33.0,-2007.28,50.25
24.49,146.2,1.39,0.01,2.29,2.1,1.5,11.01,17.2,3.17,1.31,-37.0,-1780.17,51.42
24.15,128.4,2.25,0.01,1.57,2.44,1.5,14.41,15.12,3.69,3.69,-37.0,-1983.04,59.71
24.73,144.8,2.64,0.01,1.01,2.32,1.5,10.17,13.75,4.23,4.38,-33.0,-1958.65,68.83
24.84,131.5,2.13,0.01,1.54,2.36,1.5,11.31,15.94,5.81,1.81,-39.0,-1759.85,36.11
17.29,133.2,1.01,0.01,2.34,2.08,1.5,14.4,17.5,10.4,7.4,-43.0,-1528.12,30.79
16.08,131.2,1.14,0.01,1.85,2.03,1.5,11.29,12.87,1.25,0.98,-46.0,-1019.84,40.83
24.34,144.4,1.2,0.01,2.35,2.06,1.5,14.83,17.51,0.91,0.55,-38.0,-1958.48,44.87
24.52,148.6,2.75,0.01,1.0,2.5,1.5,14.84,17.79,2.2,0.67,-25.0,-1771.67,47.02
24.24,125.9,1.66,0.01,2.05,2.12,1.5,14.21,15.13,3.63,3.63,-43.0,-1972.58,62.51
22.7,100.5,1.14,0.01,2.56,2.41,1.5,10.06,14.02,3.44,2.73,-46.0,-1410.99,49.32
19.5,145.3,1.2,0.01,2.66,2.06,1.5,14.64,17.46,2.55,0.55,-40.0,-1744.2,40.34
24.82,131.7,2.13,0.01,1.48,2.03,1.5,11.26,16.48,4.53,1.7,-39.0,-1816.15,44.06
24.8,147.7,2.62,0.01,1.0,2.06,1.5,12.36,14.4,2.84,3.22,-36.0,-2027.48,64.24
24.44,125.9,1.61,0.01,2.09,2.12,1.5,13.53,15.35,3.91,2.91,-45.0,-1906.05,58.42
17.02,144.6,2.65,0.01,1.03,2.09,1.5,14.4,17.97,4.34,7.14,-36.0,-1670.19,49.75
21.99,134.4,1.14,0.01,2.38,2.12,1.5,10.04,15.38,0.85,0.87,-45.0,-1575.78,61.45
17.08,133.2,2.49,0.01,2.48,2.08,1.5,12.85,17.26,11.74,7.74,-44.0,-1636.95,42.06
24.15,129.4,1.02,0.01,2.71,2.46,1.5,10.62,15.07,4.66,3.45,-44.0,-1600.58,41.42
15.07,109.9,1.52,0.01,2.36,2.46,1.5,14.34,17.41,5.29,4.77,-48.0,-1034.38,37.89
17.14,113.6,1.43,0.01,2.66,2.42,1.5,10.55,14.7,2.99,1.26,-46.0,-1102.46,43.72
24.25,122.9,1.01,0.01,2.34,2.41,1.5,14.84,17.58,1.61,0.56,-37.0,-1731.79,32.86
15.86,126.2,1.02,0.01,2.1,2.46,1.5,14.79,17.92,3.13,1.16,-36.0,-1151.45,55.08
24.98,131.6,2.41,0.01,1.17,2.04,1.5,10.26,13.52,7.5,4.5,-37.0,-2007.05,53.54
23.83,111.8,1.2,0.01,2.32,2.37,1.5,14.91,17.43,3.29,1.31,-39.0,-1738.82,35.92
24.17,146.4,2.74,0.01,1.0,2.09,1.5,12.83,17.19,5.25,1.64,-30.0,-1878.53,46.5
24.58,134.4,1.32,0.01,2.34,2.12,1.5,10.04,12.98,0.77,0.93,-46.0,-1774.88,71.93
24.22,123.5,2.79,0.01,1.0,2.38,1.5,11.85,15.97,6.81,2.81,-35.0,-1779.74,36.61
22.06,117.5,1.38,0.01,2.73,2.08,1.5,11.01,13.45,4.35,2.36,-48.0,-1644.2,49.74
21.92,112.4,3.11,0.01,1.0,2.31,1.5,14.89,17.07,3.11,3.68,-36.0,-1772.87,49.84
23.93,111.8,1.2,0.01,2.58,2.38,1.5,14.19,17.44,3.96,1.63,-40.0,-1724.52,36.44
24.69,111.1,1.76,0.01,1.89,2.12,1.5,13.5,17.79,4.04,0.52,-38.0,-1782.05,45.86
22.98,124.5,2.96,0.01,1.0,2.13,1.5,11.31,16.84,6.43,3.18,-35.0,-1788.59,43.19
24.55,115.1,1.02,0.01,2.58,2.46,1.5,14.63,17.31,3.13,1.13,-39.0,-1725.89,28.03
24.96,113.6,1.11,0.01,2.55,2.38,1.5,10.01,12.89,2.94,4.33,-45.0,-1649.76,57.51
15.14,125.0,2.69,0.01,2.68,2.25,1.5,14.51,17.18,7.5,6.5,-48.0,-1405.07,56.88
